Object Complete Name,Trend,Date,Milli,Quality,Unit,Value
HELIOS SS / 138KV / BAY1 - LINE1 / MEASUREMENT / ACTIVE POWER,ACTIVE POWER,03/04/2023 13:00:00,0,0,MW,104.30
HELIOS SS / 138KV / BAY1 - LINE1 / MEASUREMENT / ACTIVE POWER,ACTIVE POWER,03/04/2023 13:00:00,0,0,MW,85.23
HELIOS SS / 138KV / BAY1 - LINE1 / MEASUREMENT / ACTIVE POWER,ACTIVE POWER,03/04/2023 13:00:03,65,0,MW,99.87
HELIOS SS / 138KV / BAY1 - LINE1 / MEASUREMENT / ACTIVE POWER,ACTIVE POWER,03/04/2023 13:00:07,65,0,MW,99.96
HELIOS SS / 138KV / BAY1 - LINE1 / MEASUREMENT / ACTIVE POWER,ACTIVE POWER,03/04/2023 13:00:11,70,0,MW,100.10
HELIOS SS / 138KV / BAY1 - LINE1 / MEASUREMENT / ACTIVE POWER,ACTIVE POWER,03/04/2023 13:00:15,70,0,MW,100.23
HELIOS SS / 138KV / BAY1 - LINE1 / MEASUREMENT / ACTIVE POWER,ACTIVE POWER,03/04/2023 13:00:19,66,0,MW,100.37
HELIOS SS / 138KV / BAY1 - LINE1 / MEASUREMENT / ACTIVE POWER,ACTIVE POWER,03/04/2023 13:00:23,65,0,MW,100.43
HELIOS SS / 138KV / BAY1 - LINE1 / MEASUREMENT / ACTIVE POWER,ACTIVE POWER,03/04/2023 13:00:27,65,0,MW,100.54
HELIOS SS / 138KV / BAY1 - LINE1 / MEASUREMENT / ACTIVE POWER,ACTIVE POWER,03/04/2023 13:00:31,70,0,MW,100.58
HELIOS SS / 138KV / BAY1 - LINE1 / MEASUREMENT / ACTIVE POWER,ACTIVE POWER,03/04/2023 13:00:35,75,0,MW,100.66
HELIOS SS / 138KV / BAY1 - LINE1 / MEASUREMENT / ACTIVE POWER,ACTIVE POWER,03/04/2023 13:00:39,60,0,MW,100.72
HELIOS SS / 138KV / BAY1 - LINE1 / MEASUREMENT / ACTIVE POWER,ACTIVE POWER,03/04/2023 13:00:43,65,0,MW,100.74
HELIOS SS / 138KV / BAY1 - LINE1 / MEASUREMENT / ACTIVE POWER,ACTIVE POWER,03/04/2023 13:00:47,65,0,MW,100.72
HELIOS SS / 138KV / BAY1 - LINE1 / MEASUREMENT / ACTIVE POWER,ACTIVE POWER,03/04/2023 13:00:51,70,0,MW,100.66
HELIOS SS / 138KV / BAY1 - LINE1 / MEASUREMENT / ACTIVE POWER,ACTIVE POWER,03/04/2023 13:00:55,77,0,MW,100.60
HELIOS SS / 138KV / BAY1 - LINE1 / MEASUREMENT / ACTIVE POWER,ACTIVE POWER,03/04/2023 13:00:59,75,0,MW,100.54
HELIOS SS / 138KV / BAY1 - LINE1 / MEASUREMENT / ACTIVE POWER,ACTIVE POWER,03/04/2023 13:01:03,75,0,MW,100.46
HELIOS SS / 138KV / BAY1 - LINE1 / MEASUREMENT / ACTIVE POWER,ACTIVE POWER,03/04/2023 13:01:07,60,0,MW,100.41
HELIOS SS / 138KV / BAY1 - LINE1 / MEASUREMENT / ACTIVE POWER,ACTIVE POWER,03/04/2023 13:01:11,60,0,MW,100.42
HELIOS SS / 138KV / BAY1 - LINE1 / MEASUREMENT / ACTIVE POWER,ACTIVE POWER,03/04/2023 13:01:15,64,0,MW,100.39
HELIOS SS / 138KV / BAY1 - LINE1 / MEASUREMENT / ACTIVE POWER,ACTIVE POWER,03/04/2023 13:01:19,65,0,MW,100.35
HELIOS SS / 138KV / BAY1 - LINE1 / MEASUREMENT / ACTIVE POWER,ACTIVE POWER,03/04/2023 13:01:23,65,0,MW,100.23
HELIOS SS / 138KV / BAY1 - LINE1 / MEASUREMENT / ACTIVE POWER,ACTIVE POWER,03/04/2023 13:01:27,70,0,MW,100.06
HELIOS SS / 138KV / BAY1 - LINE1 / MEASUREMENT / ACTIVE POWER,ACTIVE POWER,03/04/2023 13:01:31,78,0,MW,99.93
HELIOS SS / 138KV / BAY1 - LINE1 / MEASUREMENT / ACTIVE POWER,ACTIVE POWER,03/04/2023 13:01:35,75,0,MW,99.72
HELIOS SS / 138KV / BAY1 - LINE1 / MEASUREMENT / ACTIVE POWER,ACTIVE POWER,03/04/2023 13:01:39,77,0,MW,99.60
HELIOS SS / 138KV / BAY1 - LINE1 / MEASUREMENT / ACTIVE POWER,ACTIVE POWER,03/04/2023 13:01:43,60,0,MW,99.39
HELIOS SS / 138KV / BAY1 - LINE1 / MEASUREMENT / ACTIVE POWER,ACTIVE POWER,03/04/2023 13:01:47,75,0,MW,99.21
HELIOS SS / 138KV / BAY1 - LINE1 / MEASUREMENT / ACTIVE POWER,ACTIVE POWER,03/04/2023 13:01:51,60,0,MW,98.91
HELIOS SS / 138KV / BAY1 - LINE1 / MEASUREMENT / ACTIVE POWER,ACTIVE POWER,03/04/2023 13:01:55,60,0,MW,98.62
HELIOS SS / 138KV / BAY1 - LINE1 / MEASUREMENT / ACTIVE POWER,ACTIVE POWER,03/04/2023 13:01:59,64,0,MW,98.39
HELIOS SS / 138KV / BAY1 - LINE1 / MEASUREMENT / ACTIVE POWER,ACTIVE POWER,03/04/2023 13:02:03,65,0,MW,98.25
HELIOS SS / 138KV / BAY1 - LINE1 / MEASUREMENT / ACTIVE POWER,ACTIVE POWER,03/04/2023 13:02:07,65,0,MW,98.08
HELIOS SS / 138KV / BAY1 - LINE1 / MEASUREMENT / ACTIVE POWER,ACTIVE POWER,03/04/2023 13:02:11,69,0,MW,97.89
HELIOS SS / 138KV / BAY1 - LINE1 / MEASUREMENT / ACTIVE POWER,ACTIVE POWER,03/04/2023 13:02:15,77,0,MW,97.74
HELIOS SS / 138KV / BAY1 - LINE1 / MEASUREMENT / ACTIVE POWER,ACTIVE POWER,03/04/2023 13:02:19,70,0,MW,97.66
HELIOS SS / 138KV / BAY1 - LINE1 / MEASUREMENT / ACTIVE POWER,ACTIVE POWER,03/04/2023 13:02:23,70,0,MW,97.53
HELIOS SS / 138KV / BAY1 - LINE1 / MEASUREMENT / ACTIVE POWER,ACTIVE POWER,03/04/2023 13:02:27,70,0,MW,97.42
HELIOS SS / 138KV / BAY1 - LINE1 / MEASUREMENT / ACTIVE POWER,ACTIVE POWER,03/04/2023 13:02:31,74,0,MW,97.31
HELIOS SS / 138KV / BAY1 - LINE1 / MEASUREMENT / ACTIVE POWER,ACTIVE POWER,03/04/2023 13:02:35,60,0,MW,97.22
HELIOS SS / 138KV / BAY1 - LINE1 / MEASUREMENT / ACTIVE POWER,ACTIVE POWER,03/04/2023 13:02:39,60,0,MW,97.08
HELIOS SS / 138KV / BAY1 - LINE1 / MEASUREMENT / ACTIVE POWER,ACTIVE POWER,03/04/2023 13:02:43,60,0,MW,96.94
HELIOS SS / 138KV / BAY1 - LINE1 / MEASUREMENT / ACTIVE POWER,ACTIVE POWER,03/04/2023 13:02:47,65,0,MW,96.83
HELIOS SS / 138KV / BAY1 - LINE1 / MEASUREMENT / ACTIVE POWER,ACTIVE POWER,03/04/2023 13:02:51,70,0,MW,96.77
HELIOS SS / 138KV / BAY1 - LINE1 / MEASUREMENT / ACTIVE POWER,ACTIVE POWER,03/04/2023 13:02:55,75,0,MW,96.70
HELIOS SS / 138KV / BAY1 - LINE1 / MEASUREMENT / ACTIVE POWER,ACTIVE POWER,03/04/2023 13:02:59,75,0,MW,96.62
HELIOS SS / 138KV / BAY1 - LINE1 / MEASUREMENT / ACTIVE POWER,ACTIVE POWER,03/04/2023 13:03:03,75,0,MW,96.51
HELIOS SS / 138KV / BAY1 - LINE1 / MEASUREMENT / ACTIVE POWER,ACTIVE POWER,03/04/2023 13:03:07,75,0,MW,96.40
HELIOS SS / 138KV / BAY1 - LINE1 / MEASUREMENT / ACTIVE POWER,ACTIVE POWER,03/04/2023 13:03:11,75,0,MW,96.31
HELIOS SS / 138KV / BAY1 - LINE1 / MEASUREMENT / ACTIVE POWER,ACTIVE POWER,03/04/2023 13:03:15,75,0,MW,96.23
HELIOS SS / 138KV / BAY1 - LINE1 / MEASUREMENT / ACTIVE POWER,ACTIVE POWER,03/04/2023 13:03:19,75,0,MW,96.18
HELIOS SS / 138KV / BAY1 - LINE1 / MEASUREMENT / ACTIVE POWER,ACTIVE POWER,03/04/2023 13:03:23,63,0,MW,96.07
HELIOS SS / 138KV / BAY1 - LINE1 / MEASUREMENT / ACTIVE POWER,ACTIVE POWER,03/04/2023 13:03:27,65,0,MW,96.07
HELIOS SS / 138KV / BAY1 - LINE1 / MEASUREMENT / ACTIVE POWER,ACTIVE POWER,03/04/2023 13:03:31,65,0,MW,95.98
HELIOS SS / 138KV / BAY1 - LINE1 / MEASUREMENT / ACTIVE POWER,ACTIVE POWER,03/04/2023 13:03:35,65,0,MW,95.89
HELIOS SS / 138KV / BAY1 - LINE1 / MEASUREMENT / ACTIVE POWER,ACTIVE POWER,03/04/2023 13:03:39,65,0,MW,95.89
HELIOS SS / 138KV / BAY1 - LINE1 / MEASUREMENT / ACTIVE POWER,ACTIVE POWER,03/04/2023 13:03:43,69,0,MW,95.91
HELIOS SS / 138KV / BAY1 - LINE1 / MEASUREMENT / ACTIVE POWER,ACTIVE POWER,03/04/2023 13:03:47,78,0,MW,95.93
HELIOS SS / 138KV / BAY1 - LINE1 / MEASUREMENT / ACTIVE POWER,ACTIVE POWER,03/04/2023 13:03:51,75,0,MW,95.99
HELIOS SS / 138KV / BAY1 - LINE1 / MEASUREMENT / ACTIVE POWER,ACTIVE POWER,03/04/2023 13:03:55,61,0,MW,96.03
HELIOS SS / 138KV / BAY1 - LINE1 / MEASUREMENT / ACTIVE POWER,ACTIVE POWER,03/04/2023 13:03:59,60,0,MW,96.04
HELIOS SS / 138KV / BAY1 - LINE1 / MEASUREMENT / ACTIVE POWER,ACTIVE POWER,03/04/2023 13:04:03,61,0,MW,96.09
HELIOS SS / 138KV / BAY1 - LINE1 / MEASUREMENT / ACTIVE POWER,ACTIVE POWER,03/04/2023 13:04:07,60,0,MW,96.14
HELIOS SS / 138KV / BAY1 - LINE1 / MEASUREMENT / ACTIVE POWER,ACTIVE POWER,03/04/2023 13:04:11,60,0,MW,96.29
HELIOS SS / 138KV / BAY1 - LINE1 / MEASUREMENT / ACTIVE POWER,ACTIVE POWER,03/04/2023 13:04:15,68,0,MW,96.39
HELIOS SS / 138KV / BAY1 - LINE1 / MEASUREMENT / ACTIVE POWER,ACTIVE POWER,03/04/2023 13:04:19,60,0,MW,96.52
HELIOS SS / 138KV / BAY1 - LINE1 / MEASUREMENT / ACTIVE POWER,ACTIVE POWER,03/04/2023 13:04:23,60,0,MW,96.70
HELIOS SS / 138KV / BAY1 - LINE1 / MEASUREMENT / ACTIVE POWER,ACTIVE POWER,03/04/2023 13:04:27,60,0,MW,96.90
HELIOS SS / 138KV / BAY1 - LINE1 / MEASUREMENT / ACTIVE POWER,ACTIVE POWER,03/04/2023 13:04:31,66,0,MW,97.07
HELIOS SS / 138KV / BAY1 - LINE1 / MEASUREMENT / ACTIVE POWER,ACTIVE POWER,03/04/2023 13:04:35,65,0,MW,97.28
HELIOS SS / 138KV / BAY1 - LINE1 / MEASUREMENT / ACTIVE POWER,ACTIVE POWER,03/04/2023 13:04:39,60,0,MW,97.49
HELIOS SS / 138KV / BAY1 - LINE1 / MEASUREMENT / ACTIVE POWER,ACTIVE POWER,03/04/2023 13:04:43,60,0,MW,97.67
HELIOS SS / 138KV / BAY1 - LINE1 / MEASUREMENT / ACTIVE POWER,ACTIVE POWER,03/04/2023 13:04:47,64,0,MW,97.74
HELIOS SS / 138KV / BAY1 - LINE1 / MEASUREMENT / ACTIVE POWER,ACTIVE POWER,03/04/2023 13:04:51,65,0,MW,97.94
HELIOS SS / 138KV / BAY1 - LINE1 / MEASUREMENT / ACTIVE POWER,ACTIVE POWER,03/04/2023 13:04:55,65,0,MW,98.19
HELIOS SS / 138KV / BAY1 - LINE1 / MEASUREMENT / ACTIVE POWER,ACTIVE POWER,03/04/2023 13:04:59,69,0,MW,98.42
HELIOS SS / 138KV / BAY1 - LINE1 / MEASUREMENT / ACTIVE POWER,ACTIVE POWER,03/04/2023 13:05:03,77,0,MW,98.65
HELIOS SS / 138KV / BAY1 - LINE1 / MEASUREMENT / ACTIVE POWER,ACTIVE POWER,03/04/2023 13:05:07,70,0,MW,98.81
HELIOS SS / 138KV / BAY1 - LINE1 / MEASUREMENT / ACTIVE POWER,ACTIVE POWER,03/04/2023 13:05:11,70,0,MW,99.01
HELIOS SS / 138KV / BAY1 - LINE1 / MEASUREMENT / ACTIVE POWER,ACTIVE POWER,03/04/2023 13:05:15,70,0,MW,99.25
HELIOS SS / 138KV / BAY1 - LINE1 / MEASUREMENT / ACTIVE POWER,ACTIVE POWER,03/04/2023 13:05:19,70,0,MW,99.43
HELIOS SS / 138KV / BAY1 - LINE1 / MEASUREMENT / ACTIVE POWER,ACTIVE POWER,03/04/2023 13:05:23,70,0,MW,99.48
HELIOS SS / 138KV / BAY1 - LINE1 / MEASUREMENT / ACTIVE POWER,ACTIVE POWER,03/04/2023 13:05:27,80,0,MW,99.50
HELIOS SS / 138KV / BAY1 - LINE1 / MEASUREMENT / ACTIVE POWER,ACTIVE POWER,03/04/2023 13:05:31,60,0,MW,99.52
HELIOS SS / 138KV / BAY1 - LINE1 / MEASUREMENT / ACTIVE POWER,ACTIVE POWER,03/04/2023 13:05:35,65,0,MW,99.54
HELIOS SS / 138KV / BAY1 - LINE1 / MEASUREMENT / ACTIVE POWER,ACTIVE POWER,03/04/2023 13:05:39,70,0,MW,99.55
HELIOS SS / 138KV / BAY1 - LINE1 / MEASUREMENT / ACTIVE POWER,ACTIVE POWER,03/04/2023 13:05:43,72,0,MW,99.56
HELIOS SS / 138KV / BAY1 - LINE1 / MEASUREMENT / ACTIVE POWER,ACTIVE POWER,03/04/2023 13:05:47,74,0,MW,99.57
HELIOS SS / 138KV / BAY1 - LINE1 / MEASUREMENT / ACTIVE POWER,ACTIVE POWER,03/04/2023 13:05:51,70,0,MW,99.57
HELIOS SS / 138KV / BAY1 - LINE1 / MEASUREMENT / ACTIVE POWER,ACTIVE POWER,03/04/2023 13:05:55,75,0,MW,99.57
HELIOS SS / 138KV / BAY1 - LINE1 / MEASUREMENT / ACTIVE POWER,ACTIVE POWER,03/04/2023 13:05:59,65,0,MW,99.50
HELIOS SS / 138KV / BAY1 - LINE1 / MEASUREMENT / ACTIVE POWER,ACTIVE POWER,03/04/2023 13:06:03,70,0,MW,99.44
HELIOS SS / 138KV / BAY1 - LINE1 / MEASUREMENT / ACTIVE POWER,ACTIVE POWER,03/04/2023 13:06:07,60,0,MW,99.39
HELIOS SS / 138KV / BAY1 - LINE1 / MEASUREMENT / ACTIVE POWER,ACTIVE POWER,03/04/2023 13:06:11,60,0,MW,99.35
HELIOS SS / 138KV / BAY1 - LINE1 / MEASUREMENT / ACTIVE POWER,ACTIVE POWER,03/04/2023 13:06:15,65,0,MW,99.36
HELIOS SS / 138KV / BAY1 - LINE1 / MEASUREMENT / ACTIVE POWER,ACTIVE POWER,03/04/2023 13:06:19,60,0,MW,99.35
HELIOS SS / 138KV / BAY1 - LINE1 / MEASUREMENT / ACTIVE POWER,ACTIVE POWER,03/04/2023 13:06:23,60,0,MW,99.45
HELIOS SS / 138KV / BAY1 - LINE1 / MEASUREMENT / ACTIVE POWER,ACTIVE POWER,03/04/2023 13:06:27,60,0,MW,99.48
HELIOS SS / 138KV / BAY1 - LINE1 / MEASUREMENT / ACTIVE POWER,ACTIVE POWER,03/04/2023 13:06:31,60,0,MW,99.53
HELIOS SS / 138KV / BAY1 - LINE1 / MEASUREMENT / ACTIVE POWER,ACTIVE POWER,03/04/2023 13:06:35,60,0,MW,99.58
HELIOS SS / 138KV / BAY1 - LINE1 / MEASUREMENT / ACTIVE POWER,ACTIVE POWER,03/04/2023 13:06:39,75,0,MW,99.61
HELIOS SS / 138KV / BAY1 - LINE1 / MEASUREMENT / ACTIVE POWER,ACTIVE POWER,03/04/2023 13:06:43,75,0,MW,99.67
HELIOS SS / 138KV / BAY1 - LINE1 / MEASUREMENT / ACTIVE POWER,ACTIVE POWER,03/04/2023 13:06:47,65,0,MW,99.72
HELIOS SS / 138KV / BAY1 - LINE1 / MEASUREMENT / ACTIVE POWER,ACTIVE POWER,03/04/2023 13:06:51,67,0,MW,99.75
HELIOS SS / 138KV / BAY1 - LINE1 / MEASUREMENT / ACTIVE POWER,ACTIVE POWER,03/04/2023 13:06:55,65,0,MW,99.89
HELIOS SS / 138KV / BAY1 - LINE1 / MEASUREMENT / ACTIVE POWER,ACTIVE POWER,03/04/2023 13:06:59,67,0,MW,100.00
HELIOS SS / 138KV / BAY1 - LINE1 / MEASUREMENT / ACTIVE POWER,ACTIVE POWER,03/04/2023 13:07:03,65,0,MW,100.10
HELIOS SS / 138KV / BAY1 - LINE1 / MEASUREMENT / ACTIVE POWER,ACTIVE POWER,03/04/2023 13:07:07,62,0,MW,100.22
HELIOS SS / 138KV / BAY1 - LINE1 / MEASUREMENT / ACTIVE POWER,ACTIVE POWER,03/04/2023 13:07:11,64,0,MW,100.30
HELIOS SS / 138KV / BAY1 - LINE1 / MEASUREMENT / ACTIVE POWER,ACTIVE POWER,03/04/2023 13:07:15,61,0,MW,100.39
HELIOS SS / 138KV / BAY1 - LINE1 / MEASUREMENT / ACTIVE POWER,ACTIVE POWER,03/04/2023 13:07:19,65,0,MW,100.48
HELIOS SS / 138KV / BAY1 - LINE1 / MEASUREMENT / ACTIVE POWER,ACTIVE POWER,03/04/2023 13:07:23,65,0,MW,100.56
HELIOS SS / 138KV / BAY1 - LINE1 / MEASUREMENT / ACTIVE POWER,ACTIVE POWER,03/04/2023 13:07:27,60,0,MW,100.60
HELIOS SS / 138KV / BAY1 - LINE1 / MEASUREMENT / ACTIVE POWER,ACTIVE POWER,03/04/2023 13:07:31,61,0,MW,100.61
HELIOS SS / 138KV / BAY1 - LINE1 / MEASUREMENT / ACTIVE POWER,ACTIVE POWER,03/04/2023 13:07:35,60,0,MW,100.65
HELIOS SS / 138KV / BAY1 - LINE1 / MEASUREMENT / ACTIVE POWER,ACTIVE POWER,03/04/2023 13:07:39,61,0,MW,100.68
HELIOS SS / 138KV / BAY1 - LINE1 / MEASUREMENT / ACTIVE POWER,ACTIVE POWER,03/04/2023 13:07:43,60,0,MW,100.64
HELIOS SS / 138KV / BAY1 - LINE1 / MEASUREMENT / ACTIVE POWER,ACTIVE POWER,03/04/2023 13:07:47,64,0,MW,100.63
HELIOS SS / 138KV / BAY1 - LINE1 / MEASUREMENT / ACTIVE POWER,ACTIVE POWER,03/04/2023 13:07:51,70,0,MW,100.60
HELIOS SS / 138KV / BAY1 - LINE1 / MEASUREMENT / ACTIVE POWER,ACTIVE POWER,03/04/2023 13:07:55,70,0,MW,100.59
HELIOS SS / 138KV / BAY1 - LINE1 / MEASUREMENT / ACTIVE POWER,ACTIVE POWER,03/04/2023 13:07:59,70,0,MW,100.57
HELIOS SS / 138KV / BAY1 - LINE1 / MEASUREMENT / ACTIVE POWER,ACTIVE POWER,03/04/2023 13:08:03,79,0,MW,100.54
HELIOS SS / 138KV / BAY1 - LINE1 / MEASUREMENT / ACTIVE POWER,ACTIVE POWER,03/04/2023 13:08:07,60,0,MW,100.51
HELIOS SS / 138KV / BAY1 - LINE1 / MEASUREMENT / ACTIVE POWER,ACTIVE POWER,03/04/2023 13:08:11,65,0,MW,100.51
HELIOS SS / 138KV / BAY1 - LINE1 / MEASUREMENT / ACTIVE POWER,ACTIVE POWER,03/04/2023 13:08:15,70,0,MW,100.49
HELIOS SS / 138KV / BAY1 - LINE1 / MEASUREMENT / ACTIVE POWER,ACTIVE POWER,03/04/2023 13:08:19,70,0,MW,100.47
HELIOS SS / 138KV / BAY1 - LINE1 / MEASUREMENT / ACTIVE POWER,ACTIVE POWER,03/04/2023 13:08:23,74,0,MW,100.47
HELIOS SS / 138KV / BAY1 - LINE1 / MEASUREMENT / ACTIVE POWER,ACTIVE POWER,03/04/2023 13:08:27,70,0,MW,100.44
HELIOS SS / 138KV / BAY1 - LINE1 / MEASUREMENT / ACTIVE POWER,ACTIVE POWER,03/04/2023 13:08:31,70,0,MW,100.44
HELIOS SS / 138KV / BAY1 - LINE1 / MEASUREMENT / ACTIVE POWER,ACTIVE POWER,03/04/2023 13:08:35,76,0,MW,100.43
HELIOS SS / 138KV / BAY1 - LINE1 / MEASUREMENT / ACTIVE POWER,ACTIVE POWER,03/04/2023 13:08:39,75,0,MW,100.39
HELIOS SS / 138KV / BAY1 - LINE1 / MEASUREMENT / ACTIVE POWER,ACTIVE POWER,03/04/2023 13:08:43,64,0,MW,100.39
HELIOS SS / 138KV / BAY1 - LINE1 / MEASUREMENT / ACTIVE POWER,ACTIVE POWER,03/04/2023 13:08:47,70,0,MW,100.36
HELIOS SS / 138KV / BAY1 - LINE1 / MEASUREMENT / ACTIVE POWER,ACTIVE POWER,03/04/2023 13:08:51,70,0,MW,100.35
HELIOS SS / 138KV / BAY1 - LINE1 / MEASUREMENT / ACTIVE POWER,ACTIVE POWER,03/04/2023 13:08:55,75,0,MW,100.36
HELIOS SS / 138KV / BAY1 - LINE1 / MEASUREMENT / ACTIVE POWER,ACTIVE POWER,03/04/2023 13:08:59,60,0,MW,100.35
HELIOS SS / 138KV / BAY1 - LINE1 / MEASUREMENT / ACTIVE POWER,ACTIVE POWER,03/04/2023 13:09:03,64,0,MW,100.34
HELIOS SS / 138KV / BAY1 - LINE1 / MEASUREMENT / ACTIVE POWER,ACTIVE POWER,03/04/2023 13:09:07,60,0,MW,100.33
HELIOS SS / 138KV / BAY1 - LINE1 / MEASUREMENT / ACTIVE POWER,ACTIVE POWER,03/04/2023 13:09:11,60,0,MW,100.31
HELIOS SS / 138KV / BAY1 - LINE1 / MEASUREMENT / ACTIVE POWER,ACTIVE POWER,03/04/2023 13:09:15,60,0,MW,100.31
HELIOS SS / 138KV / BAY1 - LINE1 / MEASUREMENT / ACTIVE POWER,ACTIVE POWER,03/04/2023 13:09:19,62,0,MW,100.29
HELIOS SS / 138KV / BAY1 - LINE1 / MEASUREMENT / ACTIVE POWER,ACTIVE POWER,03/04/2023 13:09:23,65,0,MW,100.26
HELIOS SS / 138KV / BAY1 - LINE1 / MEASUREMENT / ACTIVE POWER,ACTIVE POWER,03/04/2023 13:09:27,65,0,MW,100.26
HELIOS SS / 138KV / BAY1 - LINE1 / MEASUREMENT / ACTIVE POWER,ACTIVE POWER,03/04/2023 13:09:31,65,0,MW,100.23
HELIOS SS / 138KV / BAY1 - LINE1 / MEASUREMENT / ACTIVE POWER,ACTIVE POWER,03/04/2023 13:09:35,70,0,MW,100.19
HELIOS SS / 138KV / BAY1 - LINE1 / MEASUREMENT / ACTIVE POWER,ACTIVE POWER,03/04/2023 13:09:39,75,0,MW,100.17
HELIOS SS / 138KV / BAY1 - LINE1 / MEASUREMENT / ACTIVE POWER,ACTIVE POWER,03/04/2023 13:09:43,75,0,MW,100.14
HELIOS SS / 138KV / BAY1 - LINE1 / MEASUREMENT / ACTIVE POWER,ACTIVE POWER,03/04/2023 13:09:47,76,0,MW,100.09
HELIOS SS / 138KV / BAY1 - LINE1 / MEASUREMENT / ACTIVE POWER,ACTIVE POWER,03/04/2023 13:09:51,79,0,MW,100.06
HELIOS SS / 138KV / BAY1 - LINE1 / MEASUREMENT / ACTIVE POWER,ACTIVE POWER,03/04/2023 13:09:55,60,0,MW,100.02
HELIOS SS / 138KV / BAY1 - LINE1 / MEASUREMENT / ACTIVE POWER,ACTIVE POWER,03/04/2023 13:09:59,70,0,MW,100.00
HELIOS SS / 138KV / BAY1 - LINE1 / MEASUREMENT / ACTIVE POWER,ACTIVE POWER,03/04/2023 13:10:03,72,0,MW,99.96
HELIOS SS / 138KV / BAY1 - LINE1 / MEASUREMENT / ACTIVE POWER,ACTIVE POWER,03/04/2023 13:10:07,75,0,MW,99.96
HELIOS SS / 138KV / BAY1 - LINE1 / MEASUREMENT / ACTIVE POWER,ACTIVE POWER,03/04/2023 13:10:11,59,0,MW,99.93
HELIOS SS / 138KV / BAY1 - LINE1 / MEASUREMENT / ACTIVE POWER,ACTIVE POWER,03/04/2023 13:10:15,60,0,MW,99.95
HELIOS SS / 138KV / BAY1 - LINE1 / MEASUREMENT / ACTIVE POWER,ACTIVE POWER,03/04/2023 13:10:19,65,0,MW,99.97
HELIOS SS / 138KV / BAY1 - LINE1 / MEASUREMENT / ACTIVE POWER,ACTIVE POWER,03/04/2023 13:10:23,67,0,MW,100.00
HELIOS SS / 138KV / BAY1 - LINE1 / MEASUREMENT / ACTIVE POWER,ACTIVE POWER,03/04/2023 13:10:27,70,0,MW,100.00
HELIOS SS / 138KV / BAY1 - LINE1 / MEASUREMENT / ACTIVE POWER,ACTIVE POWER,03/04/2023 13:10:31,70,0,MW,100.02
HELIOS SS / 138KV / BAY1 - LINE1 / MEASUREMENT / ACTIVE POWER,ACTIVE POWER,03/04/2023 13:10:35,74,0,MW,100.01
HELIOS SS / 138KV / BAY1 - LINE1 / MEASUREMENT / ACTIVE POWER,ACTIVE POWER,03/04/2023 13:10:39,75,0,MW,100.00
HELIOS SS / 138KV / BAY1 - LINE1 / MEASUREMENT / ACTIVE POWER,ACTIVE POWER,03/04/2023 13:10:43,60,0,MW,100.02
HELIOS SS / 138KV / BAY1 - LINE1 / MEASUREMENT / ACTIVE POWER,ACTIVE POWER,03/04/2023 13:10:47,65,0,MW,100.04
HELIOS SS / 138KV / BAY1 - LINE1 / MEASUREMENT / ACTIVE POWER,ACTIVE POWER,03/04/2023 13:10:51,67,0,MW,100.05
HELIOS SS / 138KV / BAY1 - LINE1 / MEASUREMENT / ACTIVE POWER,ACTIVE POWER,03/04/2023 13:10:55,65,0,MW,100.07
HELIOS SS / 138KV / BAY1 - LINE1 / MEASUREMENT / ACTIVE POWER,ACTIVE POWER,03/04/2023 13:10:59,65,0,MW,100.10
HELIOS SS / 138KV / BAY1 - LINE1 / MEASUREMENT / ACTIVE POWER,ACTIVE POWER,03/04/2023 13:11:03,66,0,MW,100.11
HELIOS SS / 138KV / BAY1 - LINE1 / MEASUREMENT / ACTIVE POWER,ACTIVE POWER,03/04/2023 13:11:07,65,0,MW,100.12
HELIOS SS / 138KV / BAY1 - LINE1 / MEASUREMENT / ACTIVE POWER,ACTIVE POWER,03/04/2023 13:11:11,65,0,MW,100.12
HELIOS SS / 138KV / BAY1 - LINE1 / MEASUREMENT / ACTIVE POWER,ACTIVE POWER,03/04/2023 13:11:15,66,0,MW,100.11
HELIOS SS / 138KV / BAY1 - LINE1 / MEASUREMENT / ACTIVE POWER,ACTIVE POWER,03/04/2023 13:11:19,65,0,MW,100.14
HELIOS SS / 138KV / BAY1 - LINE1 / MEASUREMENT / ACTIVE POWER,ACTIVE POWER,03/04/2023 13:11:23,64,0,MW,100.17
HELIOS SS / 138KV / BAY1 - LINE1 / MEASUREMENT / ACTIVE POWER,ACTIVE POWER,03/04/2023 13:11:27,74,0,MW,100.18
HELIOS SS / 138KV / BAY1 - LINE1 / MEASUREMENT / ACTIVE POWER,ACTIVE POWER,03/04/2023 13:11:31,82,0,MW,100.18
HELIOS SS / 138KV / BAY1 - LINE1 / MEASUREMENT / ACTIVE POWER,ACTIVE POWER,03/04/2023 13:11:35,65,0,MW,100.19
HELIOS SS / 138KV / BAY1 - LINE1 / MEASUREMENT / ACTIVE POWER,ACTIVE POWER,03/04/2023 13:11:39,70,0,MW,100.20
HELIOS SS / 138KV / BAY1 - LINE1 / MEASUREMENT / ACTIVE POWER,ACTIVE POWER,03/04/2023 13:11:43,70,0,MW,100.22
HELIOS SS / 138KV / BAY1 - LINE1 / MEASUREMENT / ACTIVE POWER,ACTIVE POWER,03/04/2023 13:11:47,70,0,MW,100.23
HELIOS SS / 138KV / BAY1 - LINE1 / MEASUREMENT / ACTIVE POWER,ACTIVE POWER,03/04/2023 13:11:51,65,0,MW,100.24
HELIOS SS / 138KV / BAY1 - LINE1 / MEASUREMENT / ACTIVE POWER,ACTIVE POWER,03/04/2023 13:11:55,68,0,MW,100.24
HELIOS SS / 138KV / BAY1 - LINE1 / MEASUREMENT / ACTIVE POWER,ACTIVE POWER,03/04/2023 13:11:59,77,0,MW,100.26
HELIOS SS / 138KV / BAY1 - LINE1 / MEASUREMENT / ACTIVE POWER,ACTIVE POWER,03/04/2023 13:12:03,60,0,MW,100.26
HELIOS SS / 138KV / BAY1 - LINE1 / MEASUREMENT / ACTIVE POWER,ACTIVE POWER,03/04/2023 13:12:07,65,0,MW,100.22
HELIOS SS / 138KV / BAY1 - LINE1 / MEASUREMENT / ACTIVE POWER,ACTIVE POWER,03/04/2023 13:12:11,70,0,MW,100.20
HELIOS SS / 138KV / BAY1 - LINE1 / MEASUREMENT / ACTIVE POWER,ACTIVE POWER,03/04/2023 13:12:15,61,0,MW,100.13
HELIOS SS / 138KV / BAY1 - LINE1 / MEASUREMENT / ACTIVE POWER,ACTIVE POWER,03/04/2023 13:12:19,60,0,MW,100.06
HELIOS SS / 138KV / BAY1 - LINE1 / MEASUREMENT / ACTIVE POWER,ACTIVE POWER,03/04/2023 13:12:23,77,0,MW,100.01
HELIOS SS / 138KV / BAY1 - LINE1 / MEASUREMENT / ACTIVE POWER,ACTIVE POWER,03/04/2023 13:12:27,60,0,MW,99.99
HELIOS SS / 138KV / BAY1 - LINE1 / MEASUREMENT / ACTIVE POWER,ACTIVE POWER,03/04/2023 13:12:31,65,0,MW,100.00
HELIOS SS / 138KV / BAY1 - LINE1 / MEASUREMENT / ACTIVE POWER,ACTIVE POWER,03/04/2023 13:12:35,68,0,MW,99.97
HELIOS SS / 138KV / BAY1 - LINE1 / MEASUREMENT / ACTIVE POWER,ACTIVE POWER,03/04/2023 13:12:39,70,0,MW,99.96
HELIOS SS / 138KV / BAY1 - LINE1 / MEASUREMENT / ACTIVE POWER,ACTIVE POWER,03/04/2023 13:12:43,70,0,MW,99.92
HELIOS SS / 138KV / BAY1 - LINE1 / MEASUREMENT / ACTIVE POWER,ACTIVE POWER,03/04/2023 13:12:47,70,0,MW,99.90
HELIOS SS / 138KV / BAY1 - LINE1 / MEASUREMENT / ACTIVE POWER,ACTIVE POWER,03/04/2023 13:12:51,70,0,MW,99.94
HELIOS SS / 138KV / BAY1 - LINE1 / MEASUREMENT / ACTIVE POWER,ACTIVE POWER,03/04/2023 13:12:55,70,0,MW,99.94
HELIOS SS / 138KV / BAY1 - LINE1 / MEASUREMENT / ACTIVE POWER,ACTIVE POWER,03/04/2023 13:12:59,60,0,MW,99.96
HELIOS SS / 138KV / BAY1 - LINE1 / MEASUREMENT / ACTIVE POWER,ACTIVE POWER,03/04/2023 13:13:03,61,0,MW,99.93
HELIOS SS / 138KV / BAY1 - LINE1 / MEASUREMENT / ACTIVE POWER,ACTIVE POWER,03/04/2023 13:13:07,69,0,MW,99.92
HELIOS SS / 138KV / BAY1 - LINE1 / MEASUREMENT / ACTIVE POWER,ACTIVE POWER,03/04/2023 13:13:11,69,0,MW,99.90
HELIOS SS / 138KV / BAY1 - LINE1 / MEASUREMENT / ACTIVE POWER,ACTIVE POWER,03/04/2023 13:13:15,61,0,MW,99.89
HELIOS SS / 138KV / BAY1 - LINE1 / MEASUREMENT / ACTIVE POWER,ACTIVE POWER,03/04/2023 13:13:19,80,0,MW,99.87
HELIOS SS / 138KV / BAY1 - LINE1 / MEASUREMENT / ACTIVE POWER,ACTIVE POWER,03/04/2023 13:13:23,60,0,MW,99.86
HELIOS SS / 138KV / BAY1 - LINE1 / MEASUREMENT / ACTIVE POWER,ACTIVE POWER,03/04/2023 13:13:27,70,0,MW,99.83
HELIOS SS / 138KV / BAY1 - LINE1 / MEASUREMENT / ACTIVE POWER,ACTIVE POWER,03/04/2023 13:13:31,74,0,MW,99.82
HELIOS SS / 138KV / BAY1 - LINE1 / MEASUREMENT / ACTIVE POWER,ACTIVE POWER,03/04/2023 13:13:35,75,0,MW,99.78
HELIOS SS / 138KV / BAY1 - LINE1 / MEASUREMENT / ACTIVE POWER,ACTIVE POWER,03/04/2023 13:13:39,65,0,MW,99.78
HELIOS SS / 138KV / BAY1 - LINE1 / MEASUREMENT / ACTIVE POWER,ACTIVE POWER,03/04/2023 13:13:43,66,0,MW,99.79
HELIOS SS / 138KV / BAY1 - LINE1 / MEASUREMENT / ACTIVE POWER,ACTIVE POWER,03/04/2023 13:13:47,65,0,MW,99.82
HELIOS SS / 138KV / BAY1 - LINE1 / MEASUREMENT / ACTIVE POWER,ACTIVE POWER,03/04/2023 13:13:51,68,0,MW,99.83
HELIOS SS / 138KV / BAY1 - LINE1 / MEASUREMENT / ACTIVE POWER,ACTIVE POWER,03/04/2023 13:13:55,65,0,MW,99.85
HELIOS SS / 138KV / BAY1 - LINE1 / MEASUREMENT / ACTIVE POWER,ACTIVE POWER,03/04/2023 13:13:59,69,0,MW,99.83
HELIOS SS / 138KV / BAY1 - LINE1 / MEASUREMENT / ACTIVE POWER,ACTIVE POWER,03/04/2023 13:14:03,70,0,MW,99.83
HELIOS SS / 138KV / BAY1 - LINE1 / MEASUREMENT / ACTIVE POWER,ACTIVE POWER,03/04/2023 13:14:07,60,0,MW,99.78
HELIOS SS / 138KV / BAY1 - LINE1 / MEASUREMENT / ACTIVE POWER,ACTIVE POWER,03/04/2023 13:14:11,70,0,MW,99.75
HELIOS SS / 138KV / BAY1 - LINE1 / MEASUREMENT / ACTIVE POWER,ACTIVE POWER,03/04/2023 13:14:15,71,0,MW,99.70
HELIOS SS / 138KV / BAY1 - LINE1 / MEASUREMENT / ACTIVE POWER,ACTIVE POWER,03/04/2023 13:14:19,70,0,MW,99.68
HELIOS SS / 138KV / BAY1 - LINE1 / MEASUREMENT / ACTIVE POWER,ACTIVE POWER,03/04/2023 13:14:23,72,0,MW,99.62
HELIOS SS / 138KV / BAY1 - LINE1 / MEASUREMENT / ACTIVE POWER,ACTIVE POWER,03/04/2023 13:14:27,70,0,MW,99.60
HELIOS SS / 138KV / BAY1 - LINE1 / MEASUREMENT / ACTIVE POWER,ACTIVE POWER,03/04/2023 13:14:31,60,0,MW,99.59
HELIOS SS / 138KV / BAY1 - LINE1 / MEASUREMENT / ACTIVE POWER,ACTIVE POWER,03/04/2023 13:14:35,60,0,MW,99.58
HELIOS SS / 138KV / BAY1 - LINE1 / MEASUREMENT / ACTIVE POWER,ACTIVE POWER,03/04/2023 13:14:39,75,0,MW,99.52
HELIOS SS / 138KV / BAY1 - LINE1 / MEASUREMENT / ACTIVE POWER,ACTIVE POWER,03/04/2023 13:14:43,75,0,MW,99.48
HELIOS SS / 138KV / BAY1 - LINE1 / MEASUREMENT / ACTIVE POWER,ACTIVE POWER,03/04/2023 13:14:47,60,0,MW,99.45
HELIOS SS / 138KV / BAY1 - LINE1 / MEASUREMENT / ACTIVE POWER,ACTIVE POWER,03/04/2023 13:14:51,75,0,MW,99.42
HELIOS SS / 138KV / BAY1 - LINE1 / MEASUREMENT / ACTIVE POWER,ACTIVE POWER,03/04/2023 13:14:55,62,0,MW,99.35
HELIOS SS / 138KV / BAY1 - LINE1 / MEASUREMENT / ACTIVE POWER,ACTIVE POWER,03/04/2023 13:14:59,60,0,MW,99.26
HELIOS SS / 138KV / BAY1 - LINE1 / MEASUREMENT / ACTIVE POWER,ACTIVE POWER,03/04/2023 13:15:03,60,0,MW,99.22
HELIOS SS / 138KV / BAY1 - LINE1 / MEASUREMENT / ACTIVE POWER,ACTIVE POWER,03/04/2023 13:15:07,60,0,MW,99.13
HELIOS SS / 138KV / BAY1 - LINE1 / MEASUREMENT / ACTIVE POWER,ACTIVE POWER,03/04/2023 13:15:11,61,0,MW,99.10
HELIOS SS / 138KV / BAY1 - LINE1 / MEASUREMENT / ACTIVE POWER,ACTIVE POWER,03/04/2023 13:15:15,62,0,MW,99.09
HELIOS SS / 138KV / BAY1 - LINE1 / MEASUREMENT / ACTIVE POWER,ACTIVE POWER,03/04/2023 13:15:19,64,0,MW,99.11
HELIOS SS / 138KV / BAY1 - LINE1 / MEASUREMENT / ACTIVE POWER,ACTIVE POWER,03/04/2023 13:15:23,60,0,MW,99.11
HELIOS SS / 138KV / BAY1 - LINE1 / MEASUREMENT / ACTIVE POWER,ACTIVE POWER,03/04/2023 13:15:27,65,0,MW,99.11
HELIOS SS / 138KV / BAY1 - LINE1 / MEASUREMENT / ACTIVE POWER,ACTIVE POWER,03/04/2023 13:15:31,70,0,MW,99.11
HELIOS SS / 138KV / BAY1 - LINE1 / MEASUREMENT / ACTIVE POWER,ACTIVE POWER,03/04/2023 13:15:35,75,0,MW,99.11
HELIOS SS / 138KV / BAY1 - LINE1 / MEASUREMENT / ACTIVE POWER,ACTIVE POWER,03/04/2023 13:15:39,79,0,MW,99.11
HELIOS SS / 138KV / BAY1 - LINE1 / MEASUREMENT / ACTIVE POWER,ACTIVE POWER,03/04/2023 13:15:43,60,0,MW,99.09
HELIOS SS / 138KV / BAY1 - LINE1 / MEASUREMENT / ACTIVE POWER,ACTIVE POWER,03/04/2023 13:15:47,60,0,MW,99.08
HELIOS SS / 138KV / BAY1 - LINE1 / MEASUREMENT / ACTIVE POWER,ACTIVE POWER,03/04/2023 13:15:51,63,0,MW,99.07
HELIOS SS / 138KV / BAY1 - LINE1 / MEASUREMENT / ACTIVE POWER,ACTIVE POWER,03/04/2023 13:15:55,65,0,MW,99.06
HELIOS SS / 138KV / BAY1 - LINE1 / MEASUREMENT / ACTIVE POWER,ACTIVE POWER,03/04/2023 13:15:59,65,0,MW,99.06
HELIOS SS / 138KV / BAY1 - LINE1 / MEASUREMENT / ACTIVE POWER,ACTIVE POWER,03/04/2023 13:16:03,64,0,MW,99.05
HELIOS SS / 138KV / BAY1 - LINE1 / MEASUREMENT / ACTIVE POWER,ACTIVE POWER,03/04/2023 13:16:07,65,0,MW,99.05
HELIOS SS / 138KV / BAY1 - LINE1 / MEASUREMENT / ACTIVE POWER,ACTIVE POWER,03/04/2023 13:16:11,65,0,MW,99.05
HELIOS SS / 138KV / BAY1 - LINE1 / MEASUREMENT / ACTIVE POWER,ACTIVE POWER,03/04/2023 13:16:15,71,0,MW,99.06
HELIOS SS / 138KV / BAY1 - LINE1 / MEASUREMENT / ACTIVE POWER,ACTIVE POWER,03/04/2023 13:16:19,68,0,MW,99.06
HELIOS SS / 138KV / BAY1 - LINE1 / MEASUREMENT / ACTIVE POWER,ACTIVE POWER,03/04/2023 13:16:23,60,0,MW,99.07
HELIOS SS / 138KV / BAY1 - LINE1 / MEASUREMENT / ACTIVE POWER,ACTIVE POWER,03/04/2023 13:16:27,60,0,MW,99.09
HELIOS SS / 138KV / BAY1 - LINE1 / MEASUREMENT / ACTIVE POWER,ACTIVE POWER,03/04/2023 13:16:31,64,0,MW,99.11
HELIOS SS / 138KV / BAY1 - LINE1 / MEASUREMENT / ACTIVE POWER,ACTIVE POWER,03/04/2023 13:16:35,65,0,MW,99.11
HELIOS SS / 138KV / BAY1 - LINE1 / MEASUREMENT / ACTIVE POWER,ACTIVE POWER,03/04/2023 13:16:39,65,0,MW,99.14
HELIOS SS / 138KV / BAY1 - LINE1 / MEASUREMENT / ACTIVE POWER,ACTIVE POWER,03/04/2023 13:16:43,70,0,MW,99.14
HELIOS SS / 138KV / BAY1 - LINE1 / MEASUREMENT / ACTIVE POWER,ACTIVE POWER,03/04/2023 13:16:47,78,0,MW,99.15
HELIOS SS / 138KV / BAY1 - LINE1 / MEASUREMENT / ACTIVE POWER,ACTIVE POWER,03/04/2023 13:16:51,75,0,MW,99.17
HELIOS SS / 138KV / BAY1 - LINE1 / MEASUREMENT / ACTIVE POWER,ACTIVE POWER,03/04/2023 13:16:55,75,0,MW,99.18
HELIOS SS / 138KV / BAY1 - LINE1 / MEASUREMENT / ACTIVE POWER,ACTIVE POWER,03/04/2023 13:16:59,75,0,MW,99.20
HELIOS SS / 138KV / BAY1 - LINE1 / MEASUREMENT / ACTIVE POWER,ACTIVE POWER,03/04/2023 13:17:03,75,0,MW,99.20
HELIOS SS / 138KV / BAY1 - LINE1 / MEASUREMENT / ACTIVE POWER,ACTIVE POWER,03/04/2023 13:17:07,65,0,MW,99.21
HELIOS SS / 138KV / BAY1 - LINE1 / MEASUREMENT / ACTIVE POWER,ACTIVE POWER,03/04/2023 13:17:11,65,0,MW,99.22
HELIOS SS / 138KV / BAY1 - LINE1 / MEASUREMENT / ACTIVE POWER,ACTIVE POWER,03/04/2023 13:17:15,65,0,MW,99.22
HELIOS SS / 138KV / BAY1 - LINE1 / MEASUREMENT / ACTIVE POWER,ACTIVE POWER,03/04/2023 13:17:19,65,0,MW,99.22
HELIOS SS / 138KV / BAY1 - LINE1 / MEASUREMENT / ACTIVE POWER,ACTIVE POWER,03/04/2023 13:17:23,65,0,MW,99.23
HELIOS SS / 138KV / BAY1 - LINE1 / MEASUREMENT / ACTIVE POWER,ACTIVE POWER,03/04/2023 13:17:27,70,0,MW,99.24
HELIOS SS / 138KV / BAY1 - LINE1 / MEASUREMENT / ACTIVE POWER,ACTIVE POWER,03/04/2023 13:17:31,78,0,MW,99.22
HELIOS SS / 138KV / BAY1 - LINE1 / MEASUREMENT / ACTIVE POWER,ACTIVE POWER,03/04/2023 13:17:35,75,0,MW,99.21
HELIOS SS / 138KV / BAY1 - LINE1 / MEASUREMENT / ACTIVE POWER,ACTIVE POWER,03/04/2023 13:17:39,70,0,MW,99.20
HELIOS SS / 138KV / BAY1 - LINE1 / MEASUREMENT / ACTIVE POWER,ACTIVE POWER,03/04/2023 13:17:43,70,0,MW,99.24
HELIOS SS / 138KV / BAY1 - LINE1 / MEASUREMENT / ACTIVE POWER,ACTIVE POWER,03/04/2023 13:17:47,74,0,MW,99.22
HELIOS SS / 138KV / BAY1 - LINE1 / MEASUREMENT / ACTIVE POWER,ACTIVE POWER,03/04/2023 13:17:51,60,0,MW,99.16
HELIOS SS / 138KV / BAY1 - LINE1 / MEASUREMENT / ACTIVE POWER,ACTIVE POWER,03/04/2023 13:17:55,75,0,MW,99.07
HELIOS SS / 138KV / BAY1 - LINE1 / MEASUREMENT / ACTIVE POWER,ACTIVE POWER,03/04/2023 13:17:59,75,0,MW,98.96
HELIOS SS / 138KV / BAY1 - LINE1 / MEASUREMENT / ACTIVE POWER,ACTIVE POWER,03/04/2023 13:18:03,75,0,MW,98.91
HELIOS SS / 138KV / BAY1 - LINE1 / MEASUREMENT / ACTIVE POWER,ACTIVE POWER,03/04/2023 13:18:07,75,0,MW,98.80
HELIOS SS / 138KV / BAY1 - LINE1 / MEASUREMENT / ACTIVE POWER,ACTIVE POWER,03/04/2023 13:18:11,75,0,MW,98.72
HELIOS SS / 138KV / BAY1 - LINE1 / MEASUREMENT / ACTIVE POWER,ACTIVE POWER,03/04/2023 13:18:15,79,0,MW,98.65
HELIOS SS / 138KV / BAY1 - LINE1 / MEASUREMENT / ACTIVE POWER,ACTIVE POWER,03/04/2023 13:18:19,70,0,MW,98.62
HELIOS SS / 138KV / BAY1 - LINE1 / MEASUREMENT / ACTIVE POWER,ACTIVE POWER,03/04/2023 13:18:23,78,0,MW,98.55
HELIOS SS / 138KV / BAY1 - LINE1 / MEASUREMENT / ACTIVE POWER,ACTIVE POWER,03/04/2023 13:18:27,75,0,MW,98.45
HELIOS SS / 138KV / BAY1 - LINE1 / MEASUREMENT / ACTIVE POWER,ACTIVE POWER,03/04/2023 13:18:31,78,0,MW,98.36
HELIOS SS / 138KV / BAY1 - LINE1 / MEASUREMENT / ACTIVE POWER,ACTIVE POWER,03/04/2023 13:18:35,75,0,MW,98.25
HELIOS SS / 138KV / BAY1 - LINE1 / MEASUREMENT / ACTIVE POWER,ACTIVE POWER,03/04/2023 13:18:39,61,0,MW,98.15
HELIOS SS / 138KV / BAY1 - LINE1 / MEASUREMENT / ACTIVE POWER,ACTIVE POWER,03/04/2023 13:18:43,60,0,MW,98.02
HELIOS SS / 138KV / BAY1 - LINE1 / MEASUREMENT / ACTIVE POWER,ACTIVE POWER,03/04/2023 13:18:47,61,0,MW,97.88
HELIOS SS / 138KV / BAY1 - LINE1 / MEASUREMENT / ACTIVE POWER,ACTIVE POWER,03/04/2023 13:18:51,60,0,MW,97.77
HELIOS SS / 138KV / BAY1 - LINE1 / MEASUREMENT / ACTIVE POWER,ACTIVE POWER,03/04/2023 13:18:55,62,0,MW,97.70
HELIOS SS / 138KV / BAY1 - LINE1 / MEASUREMENT / ACTIVE POWER,ACTIVE POWER,03/04/2023 13:18:59,65,0,MW,97.62
HELIOS SS / 138KV / BAY1 - LINE1 / MEASUREMENT / ACTIVE POWER,ACTIVE POWER,03/04/2023 13:19:03,65,0,MW,97.57
HELIOS SS / 138KV / BAY1 - LINE1 / MEASUREMENT / ACTIVE POWER,ACTIVE POWER,03/04/2023 13:19:07,65,0,MW,97.56
HELIOS SS / 138KV / BAY1 - LINE1 / MEASUREMENT / ACTIVE POWER,ACTIVE POWER,03/04/2023 13:19:11,67,0,MW,97.57
HELIOS SS / 138KV / BAY1 - LINE1 / MEASUREMENT / ACTIVE POWER,ACTIVE POWER,03/04/2023 13:19:15,70,0,MW,97.61
HELIOS SS / 138KV / BAY1 - LINE1 / MEASUREMENT / ACTIVE POWER,ACTIVE POWER,03/04/2023 13:19:19,72,0,MW,97.58
HELIOS SS / 138KV / BAY1 - LINE1 / MEASUREMENT / ACTIVE POWER,ACTIVE POWER,03/04/2023 13:19:23,70,0,MW,97.53
HELIOS SS / 138KV / BAY1 - LINE1 / MEASUREMENT / ACTIVE POWER,ACTIVE POWER,03/04/2023 13:19:27,78,0,MW,97.51
HELIOS SS / 138KV / BAY1 - LINE1 / MEASUREMENT / ACTIVE POWER,ACTIVE POWER,03/04/2023 13:19:31,73,0,MW,97.55
HELIOS SS / 138KV / BAY1 - LINE1 / MEASUREMENT / ACTIVE POWER,ACTIVE POWER,03/04/2023 13:19:35,69,0,MW,97.58
HELIOS SS / 138KV / BAY1 - LINE1 / MEASUREMENT / ACTIVE POWER,ACTIVE POWER,03/04/2023 13:19:39,65,0,MW,97.65
HELIOS SS / 138KV / BAY1 - LINE1 / MEASUREMENT / ACTIVE POWER,ACTIVE POWER,03/04/2023 13:19:43,65,0,MW,97.71
HELIOS SS / 138KV / BAY1 - LINE1 / MEASUREMENT / ACTIVE POWER,ACTIVE POWER,03/04/2023 13:19:47,65,0,MW,97.79
HELIOS SS / 138KV / BAY1 - LINE1 / MEASUREMENT / ACTIVE POWER,ACTIVE POWER,03/04/2023 13:19:51,65,0,MW,97.87
HELIOS SS / 138KV / BAY1 - LINE1 / MEASUREMENT / ACTIVE POWER,ACTIVE POWER,03/04/2023 13:19:55,67,0,MW,97.96
HELIOS SS / 138KV / BAY1 - LINE1 / MEASUREMENT / ACTIVE POWER,ACTIVE POWER,03/04/2023 13:19:59,65,0,MW,98.04
HELIOS SS / 138KV / BAY1 - LINE1 / MEASUREMENT / ACTIVE POWER,ACTIVE POWER,03/04/2023 13:20:03,65,0,MW,98.18
HELIOS SS / 138KV / BAY1 - LINE1 / MEASUREMENT / ACTIVE POWER,ACTIVE POWER,03/04/2023 13:20:07,67,0,MW,98.31
HELIOS SS / 138KV / BAY1 - LINE1 / MEASUREMENT / ACTIVE POWER,ACTIVE POWER,03/04/2023 13:20:11,65,0,MW,98.45
HELIOS SS / 138KV / BAY1 - LINE1 / MEASUREMENT / ACTIVE POWER,ACTIVE POWER,03/04/2023 13:20:15,70,0,MW,98.54
HELIOS SS / 138KV / BAY1 - LINE1 / MEASUREMENT / ACTIVE POWER,ACTIVE POWER,03/04/2023 13:20:19,70,0,MW,98.63
HELIOS SS / 138KV / BAY1 - LINE1 / MEASUREMENT / ACTIVE POWER,ACTIVE POWER,03/04/2023 13:20:23,60,0,MW,98.65
HELIOS SS / 138KV / BAY1 - LINE1 / MEASUREMENT / ACTIVE POWER,ACTIVE POWER,03/04/2023 13:20:27,70,0,MW,98.68
HELIOS SS / 138KV / BAY1 - LINE1 / MEASUREMENT / ACTIVE POWER,ACTIVE POWER,03/04/2023 13:20:31,72,0,MW,98.70
HELIOS SS / 138KV / BAY1 - LINE1 / MEASUREMENT / ACTIVE POWER,ACTIVE POWER,03/04/2023 13:20:35,75,0,MW,98.75
HELIOS SS / 138KV / BAY1 - LINE1 / MEASUREMENT / ACTIVE POWER,ACTIVE POWER,03/04/2023 13:20:39,75,0,MW,98.78
HELIOS SS / 138KV / BAY1 - LINE1 / MEASUREMENT / ACTIVE POWER,ACTIVE POWER,03/04/2023 13:20:43,75,0,MW,98.81
HELIOS SS / 138KV / BAY1 - LINE1 / MEASUREMENT / ACTIVE POWER,ACTIVE POWER,03/04/2023 13:20:47,65,0,MW,98.83
HELIOS SS / 138KV / BAY1 - LINE1 / MEASUREMENT / ACTIVE POWER,ACTIVE POWER,03/04/2023 13:20:51,67,0,MW,98.82
HELIOS SS / 138KV / BAY1 - LINE1 / MEASUREMENT / ACTIVE POWER,ACTIVE POWER,03/04/2023 13:20:55,65,0,MW,98.81
HELIOS SS / 138KV / BAY1 - LINE1 / MEASUREMENT / ACTIVE POWER,ACTIVE POWER,03/04/2023 13:20:59,69,0,MW,98.80
HELIOS SS / 138KV / BAY1 - LINE1 / MEASUREMENT / ACTIVE POWER,ACTIVE POWER,03/04/2023 13:21:03,65,0,MW,98.76
HELIOS SS / 138KV / BAY1 - LINE1 / MEASUREMENT / ACTIVE POWER,ACTIVE POWER,03/04/2023 13:21:07,65,0,MW,98.73
HELIOS SS / 138KV / BAY1 - LINE1 / MEASUREMENT / ACTIVE POWER,ACTIVE POWER,03/04/2023 13:21:11,70,0,MW,98.69
HELIOS SS / 138KV / BAY1 - LINE1 / MEASUREMENT / ACTIVE POWER,ACTIVE POWER,03/04/2023 13:21:15,65,0,MW,98.66
HELIOS SS / 138KV / BAY1 - LINE1 / MEASUREMENT / ACTIVE POWER,ACTIVE POWER,03/04/2023 13:21:19,75,0,MW,98.61
HELIOS SS / 138KV / BAY1 - LINE1 / MEASUREMENT / ACTIVE POWER,ACTIVE POWER,03/04/2023 13:21:23,75,0,MW,98.58
HELIOS SS / 138KV / BAY1 - LINE1 / MEASUREMENT / ACTIVE POWER,ACTIVE POWER,03/04/2023 13:21:27,75,0,MW,98.55
HELIOS SS / 138KV / BAY1 - LINE1 / MEASUREMENT / ACTIVE POWER,ACTIVE POWER,03/04/2023 13:21:31,65,0,MW,98.52
HELIOS SS / 138KV / BAY1 - LINE1 / MEASUREMENT / ACTIVE POWER,ACTIVE POWER,03/04/2023 13:21:35,75,0,MW,98.48
HELIOS SS / 138KV / BAY1 - LINE1 / MEASUREMENT / ACTIVE POWER,ACTIVE POWER,03/04/2023 13:21:39,65,0,MW,98.46
HELIOS SS / 138KV / BAY1 - LINE1 / MEASUREMENT / ACTIVE POWER,ACTIVE POWER,03/04/2023 13:21:43,68,0,MW,98.42
HELIOS SS / 138KV / BAY1 - LINE1 / MEASUREMENT / ACTIVE POWER,ACTIVE POWER,03/04/2023 13:21:47,65,0,MW,98.43
HELIOS SS / 138KV / BAY1 - LINE1 / MEASUREMENT / ACTIVE POWER,ACTIVE POWER,03/04/2023 13:21:51,69,0,MW,98.40
HELIOS SS / 138KV / BAY1 - LINE1 / MEASUREMENT / ACTIVE POWER,ACTIVE POWER,03/04/2023 13:21:55,70,0,MW,98.38
HELIOS SS / 138KV / BAY1 - LINE1 / MEASUREMENT / ACTIVE POWER,ACTIVE POWER,03/04/2023 13:21:59,65,0,MW,98.37
HELIOS SS / 138KV / BAY1 - LINE1 / MEASUREMENT / ACTIVE POWER,ACTIVE POWER,03/04/2023 13:22:03,70,0,MW,98.33
HELIOS SS / 138KV / BAY1 - LINE1 / MEASUREMENT / ACTIVE POWER,ACTIVE POWER,03/04/2023 13:22:07,72,0,MW,98.27
HELIOS SS / 138KV / BAY1 - LINE1 / MEASUREMENT / ACTIVE POWER,ACTIVE POWER,03/04/2023 13:22:11,75,0,MW,98.19
HELIOS SS / 138KV / BAY1 - LINE1 / MEASUREMENT / ACTIVE POWER,ACTIVE POWER,03/04/2023 13:22:15,60,0,MW,98.12
HELIOS SS / 138KV / BAY1 - LINE1 / MEASUREMENT / ACTIVE POWER,ACTIVE POWER,03/04/2023 13:22:19,60,0,MW,98.07
HELIOS SS / 138KV / BAY1 - LINE1 / MEASUREMENT / ACTIVE POWER,ACTIVE POWER,03/04/2023 13:22:23,65,0,MW,98.02
HELIOS SS / 138KV / BAY1 - LINE1 / MEASUREMENT / ACTIVE POWER,ACTIVE POWER,03/04/2023 13:22:27,69,0,MW,97.99
HELIOS SS / 138KV / BAY1 - LINE1 / MEASUREMENT / ACTIVE POWER,ACTIVE POWER,03/04/2023 13:22:31,70,0,MW,97.95
HELIOS SS / 138KV / BAY1 - LINE1 / MEASUREMENT / ACTIVE POWER,ACTIVE POWER,03/04/2023 13:22:35,60,0,MW,97.99
HELIOS SS / 138KV / BAY1 - LINE1 / MEASUREMENT / ACTIVE POWER,ACTIVE POWER,03/04/2023 13:22:39,70,0,MW,97.99
HELIOS SS / 138KV / BAY1 - LINE1 / MEASUREMENT / ACTIVE POWER,ACTIVE POWER,03/04/2023 13:22:43,72,0,MW,98.02
HELIOS SS / 138KV / BAY1 - LINE1 / MEASUREMENT / ACTIVE POWER,ACTIVE POWER,03/04/2023 13:22:47,75,0,MW,98.01
HELIOS SS / 138KV / BAY1 - LINE1 / MEASUREMENT / ACTIVE POWER,ACTIVE POWER,03/04/2023 13:22:51,75,0,MW,97.99
HELIOS SS / 138KV / BAY1 - LINE1 / MEASUREMENT / ACTIVE POWER,ACTIVE POWER,03/04/2023 13:22:55,75,0,MW,97.93
HELIOS SS / 138KV / BAY1 - LINE1 / MEASUREMENT / ACTIVE POWER,ACTIVE POWER,03/04/2023 13:22:59,75,0,MW,97.89
HELIOS SS / 138KV / BAY1 - LINE1 / MEASUREMENT / ACTIVE POWER,ACTIVE POWER,03/04/2023 13:23:03,75,0,MW,97.86
HELIOS SS / 138KV / BAY1 - LINE1 / MEASUREMENT / ACTIVE POWER,ACTIVE POWER,03/04/2023 13:23:07,70,0,MW,97.80
HELIOS SS / 138KV / BAY1 - LINE1 / MEASUREMENT / ACTIVE POWER,ACTIVE POWER,03/04/2023 13:23:11,75,0,MW,97.72
HELIOS SS / 138KV / BAY1 - LINE1 / MEASUREMENT / ACTIVE POWER,ACTIVE POWER,03/04/2023 13:23:15,79,0,MW,97.62
HELIOS SS / 138KV / BAY1 - LINE1 / MEASUREMENT / ACTIVE POWER,ACTIVE POWER,03/04/2023 13:23:19,60,0,MW,97.54
HELIOS SS / 138KV / BAY1 - LINE1 / MEASUREMENT / ACTIVE POWER,ACTIVE POWER,03/04/2023 13:23:23,70,0,MW,97.45
HELIOS SS / 138KV / BAY1 - LINE1 / MEASUREMENT / ACTIVE POWER,ACTIVE POWER,03/04/2023 13:23:27,74,0,MW,97.38
HELIOS SS / 138KV / BAY1 - LINE1 / MEASUREMENT / ACTIVE POWER,ACTIVE POWER,03/04/2023 13:23:31,75,0,MW,97.33
HELIOS SS / 138KV / BAY1 - LINE1 / MEASUREMENT / ACTIVE POWER,ACTIVE POWER,03/04/2023 13:23:35,65,0,MW,97.32
HELIOS SS / 138KV / BAY1 - LINE1 / MEASUREMENT / ACTIVE POWER,ACTIVE POWER,03/04/2023 13:23:39,68,0,MW,97.33
HELIOS SS / 138KV / BAY1 - LINE1 / MEASUREMENT / ACTIVE POWER,ACTIVE POWER,03/04/2023 13:23:43,65,0,MW,97.37
HELIOS SS / 138KV / BAY1 - LINE1 / MEASUREMENT / ACTIVE POWER,ACTIVE POWER,03/04/2023 13:23:47,70,0,MW,97.43
HELIOS SS / 138KV / BAY1 - LINE1 / MEASUREMENT / ACTIVE POWER,ACTIVE POWER,03/04/2023 13:23:51,70,0,MW,97.47
HELIOS SS / 138KV / BAY1 - LINE1 / MEASUREMENT / ACTIVE POWER,ACTIVE POWER,03/04/2023 13:23:55,71,0,MW,97.52
HELIOS SS / 138KV / BAY1 - LINE1 / MEASUREMENT / ACTIVE POWER,ACTIVE POWER,03/04/2023 13:23:59,70,0,MW,97.56
HELIOS SS / 138KV / BAY1 - LINE1 / MEASUREMENT / ACTIVE POWER,ACTIVE POWER,03/04/2023 13:24:03,74,0,MW,97.62
HELIOS SS / 138KV / BAY1 - LINE1 / MEASUREMENT / ACTIVE POWER,ACTIVE POWER,03/04/2023 13:24:07,75,0,MW,97.67
HELIOS SS / 138KV / BAY1 - LINE1 / MEASUREMENT / ACTIVE POWER,ACTIVE POWER,03/04/2023 13:24:11,65,0,MW,97.74
HELIOS SS / 138KV / BAY1 - LINE1 / MEASUREMENT / ACTIVE POWER,ACTIVE POWER,03/04/2023 13:24:15,69,0,MW,97.83
HELIOS SS / 138KV / BAY1 - LINE1 / MEASUREMENT / ACTIVE POWER,ACTIVE POWER,03/04/2023 13:24:19,65,0,MW,97.87
HELIOS SS / 138KV / BAY1 - LINE1 / MEASUREMENT / ACTIVE POWER,ACTIVE POWER,03/04/2023 13:24:23,65,0,MW,97.92
HELIOS SS / 138KV / BAY1 - LINE1 / MEASUREMENT / ACTIVE POWER,ACTIVE POWER,03/04/2023 13:24:27,70,0,MW,97.99
HELIOS SS / 138KV / BAY1 - LINE1 / MEASUREMENT / ACTIVE POWER,ACTIVE POWER,03/04/2023 13:24:31,72,0,MW,98.04
HELIOS SS / 138KV / BAY1 - LINE1 / MEASUREMENT / ACTIVE POWER,ACTIVE POWER,03/04/2023 13:24:35,75,0,MW,98.05
HELIOS SS / 138KV / BAY1 - LINE1 / MEASUREMENT / ACTIVE POWER,ACTIVE POWER,03/04/2023 13:24:39,60,0,MW,98.05
HELIOS SS / 138KV / BAY1 - LINE1 / MEASUREMENT / ACTIVE POWER,ACTIVE POWER,03/04/2023 13:24:43,60,0,MW,98.03
HELIOS SS / 138KV / BAY1 - LINE1 / MEASUREMENT / ACTIVE POWER,ACTIVE POWER,03/04/2023 13:24:47,65,0,MW,98.00
HELIOS SS / 138KV / BAY1 - LINE1 / MEASUREMENT / ACTIVE POWER,ACTIVE POWER,03/04/2023 13:24:51,68,0,MW,97.98
HELIOS SS / 138KV / BAY1 - LINE1 / MEASUREMENT / ACTIVE POWER,ACTIVE POWER,03/04/2023 13:24:55,65,0,MW,97.96
HELIOS SS / 138KV / BAY1 - LINE1 / MEASUREMENT / ACTIVE POWER,ACTIVE POWER,03/04/2023 13:24:59,69,0,MW,97.95
HELIOS SS / 138KV / BAY1 - LINE1 / MEASUREMENT / ACTIVE POWER,ACTIVE POWER,03/04/2023 13:25:03,70,0,MW,97.95
HELIOS SS / 138KV / BAY1 - LINE1 / MEASUREMENT / ACTIVE POWER,ACTIVE POWER,03/04/2023 13:25:07,73,0,MW,97.93
HELIOS SS / 138KV / BAY1 - LINE1 / MEASUREMENT / ACTIVE POWER,ACTIVE POWER,03/04/2023 13:25:11,75,0,MW,97.91
HELIOS SS / 138KV / BAY1 - LINE1 / MEASUREMENT / ACTIVE POWER,ACTIVE POWER,03/04/2023 13:25:15,65,0,MW,97.91
HELIOS SS / 138KV / BAY1 - LINE1 / MEASUREMENT / ACTIVE POWER,ACTIVE POWER,03/04/2023 13:25:19,70,0,MW,97.89
HELIOS SS / 138KV / BAY1 - LINE1 / MEASUREMENT / ACTIVE POWER,ACTIVE POWER,03/04/2023 13:25:23,70,0,MW,97.89
HELIOS SS / 138KV / BAY1 - LINE1 / MEASUREMENT / ACTIVE POWER,ACTIVE POWER,03/04/2023 13:25:27,60,0,MW,97.90
HELIOS SS / 138KV / BAY1 - LINE1 / MEASUREMENT / ACTIVE POWER,ACTIVE POWER,03/04/2023 13:25:31,65,0,MW,97.88
HELIOS SS / 138KV / BAY1 - LINE1 / MEASUREMENT / ACTIVE POWER,ACTIVE POWER,03/04/2023 13:25:35,60,0,MW,97.88
HELIOS SS / 138KV / BAY1 - LINE1 / MEASUREMENT / ACTIVE POWER,ACTIVE POWER,03/04/2023 13:25:39,70,0,MW,97.88
HELIOS SS / 138KV / BAY1 - LINE1 / MEASUREMENT / ACTIVE POWER,ACTIVE POWER,03/04/2023 13:25:43,77,0,MW,97.88
HELIOS SS / 138KV / BAY1 - LINE1 / MEASUREMENT / ACTIVE POWER,ACTIVE POWER,03/04/2023 13:25:47,60,0,MW,97.88
HELIOS SS / 138KV / BAY1 - LINE1 / MEASUREMENT / ACTIVE POWER,ACTIVE POWER,03/04/2023 13:25:51,65,0,MW,97.89
HELIOS SS / 138KV / BAY1 - LINE1 / MEASUREMENT / ACTIVE POWER,ACTIVE POWER,03/04/2023 13:25:55,65,0,MW,97.89
HELIOS SS / 138KV / BAY1 - LINE1 / MEASUREMENT / ACTIVE POWER,ACTIVE POWER,03/04/2023 13:25:59,73,0,MW,97.87
HELIOS SS / 138KV / BAY1 - LINE1 / MEASUREMENT / ACTIVE POWER,ACTIVE POWER,03/04/2023 13:26:03,73,0,MW,97.87
HELIOS SS / 138KV / BAY1 - LINE1 / MEASUREMENT / ACTIVE POWER,ACTIVE POWER,03/04/2023 13:26:07,75,0,MW,97.85
HELIOS SS / 138KV / BAY1 - LINE1 / MEASUREMENT / ACTIVE POWER,ACTIVE POWER,03/04/2023 13:26:11,65,0,MW,97.85
HELIOS SS / 138KV / BAY1 - LINE1 / MEASUREMENT / ACTIVE POWER,ACTIVE POWER,03/04/2023 13:26:15,68,0,MW,97.83
HELIOS SS / 138KV / BAY1 - LINE1 / MEASUREMENT / ACTIVE POWER,ACTIVE POWER,03/04/2023 13:26:19,65,0,MW,97.82
HELIOS SS / 138KV / BAY1 - LINE1 / MEASUREMENT / ACTIVE POWER,ACTIVE POWER,03/04/2023 13:26:23,72,0,MW,97.83
HELIOS SS / 138KV / BAY1 - LINE1 / MEASUREMENT / ACTIVE POWER,ACTIVE POWER,03/04/2023 13:26:27,70,0,MW,97.82
HELIOS SS / 138KV / BAY1 - LINE1 / MEASUREMENT / ACTIVE POWER,ACTIVE POWER,03/04/2023 13:26:31,60,0,MW,97.83
HELIOS SS / 138KV / BAY1 - LINE1 / MEASUREMENT / ACTIVE POWER,ACTIVE POWER,03/04/2023 13:26:35,70,0,MW,97.83
HELIOS SS / 138KV / BAY1 - LINE1 / MEASUREMENT / ACTIVE POWER,ACTIVE POWER,03/04/2023 13:26:39,72,0,MW,97.82
HELIOS SS / 138KV / BAY1 - LINE1 / MEASUREMENT / ACTIVE POWER,ACTIVE POWER,03/04/2023 13:26:43,75,0,MW,97.81
HELIOS SS / 138KV / BAY1 - LINE1 / MEASUREMENT / ACTIVE POWER,ACTIVE POWER,03/04/2023 13:26:47,66,0,MW,97.78
HELIOS SS / 138KV / BAY1 - LINE1 / MEASUREMENT / ACTIVE POWER,ACTIVE POWER,03/04/2023 13:26:51,70,0,MW,97.74
HELIOS SS / 138KV / BAY1 - LINE1 / MEASUREMENT / ACTIVE POWER,ACTIVE POWER,03/04/2023 13:26:55,78,0,MW,97.73
HELIOS SS / 138KV / BAY1 - LINE1 / MEASUREMENT / ACTIVE POWER,ACTIVE POWER,03/04/2023 13:26:59,60,0,MW,97.72
HELIOS SS / 138KV / BAY1 - LINE1 / MEASUREMENT / ACTIVE POWER,ACTIVE POWER,03/04/2023 13:27:03,70,0,MW,97.70
HELIOS SS / 138KV / BAY1 - LINE1 / MEASUREMENT / ACTIVE POWER,ACTIVE POWER,03/04/2023 13:27:07,74,0,MW,97.67
HELIOS SS / 138KV / BAY1 - LINE1 / MEASUREMENT / ACTIVE POWER,ACTIVE POWER,03/04/2023 13:27:11,75,0,MW,97.67
HELIOS SS / 138KV / BAY1 - LINE1 / MEASUREMENT / ACTIVE POWER,ACTIVE POWER,03/04/2023 13:27:15,78,0,MW,97.67
HELIOS SS / 138KV / BAY1 - LINE1 / MEASUREMENT / ACTIVE POWER,ACTIVE POWER,03/04/2023 13:27:19,61,0,MW,97.63
HELIOS SS / 138KV / BAY1 - LINE1 / MEASUREMENT / ACTIVE POWER,ACTIVE POWER,03/04/2023 13:27:23,70,0,MW,97.63
HELIOS SS / 138KV / BAY1 - LINE1 / MEASUREMENT / ACTIVE POWER,ACTIVE POWER,03/04/2023 13:27:27,72,0,MW,97.60
HELIOS SS / 138KV / BAY1 - LINE1 / MEASUREMENT / ACTIVE POWER,ACTIVE POWER,03/04/2023 13:27:31,75,0,MW,97.59
HELIOS SS / 138KV / BAY1 - LINE1 / MEASUREMENT / ACTIVE POWER,ACTIVE POWER,03/04/2023 13:27:35,75,0,MW,97.56
HELIOS SS / 138KV / BAY1 - LINE1 / MEASUREMENT / ACTIVE POWER,ACTIVE POWER,03/04/2023 13:27:39,75,0,MW,97.54
HELIOS SS / 138KV / BAY1 - LINE1 / MEASUREMENT / ACTIVE POWER,ACTIVE POWER,03/04/2023 13:27:43,70,0,MW,97.54
HELIOS SS / 138KV / BAY1 - LINE1 / MEASUREMENT / ACTIVE POWER,ACTIVE POWER,03/04/2023 13:27:47,60,0,MW,97.53
HELIOS SS / 138KV / BAY1 - LINE1 / MEASUREMENT / ACTIVE POWER,ACTIVE POWER,03/04/2023 13:27:51,70,0,MW,97.52
HELIOS SS / 138KV / BAY1 - LINE1 / MEASUREMENT / ACTIVE POWER,ACTIVE POWER,03/04/2023 13:27:55,73,0,MW,97.52
HELIOS SS / 138KV / BAY1 - LINE1 / MEASUREMENT / ACTIVE POWER,ACTIVE POWER,03/04/2023 13:27:59,75,0,MW,97.51
HELIOS SS / 138KV / BAY1 - LINE1 / MEASUREMENT / ACTIVE POWER,ACTIVE POWER,03/04/2023 13:28:03,70,0,MW,97.50
HELIOS SS / 138KV / BAY1 - LINE1 / MEASUREMENT / ACTIVE POWER,ACTIVE POWER,03/04/2023 13:28:07,60,0,MW,97.49
HELIOS SS / 138KV / BAY1 - LINE1 / MEASUREMENT / ACTIVE POWER,ACTIVE POWER,03/04/2023 13:28:11,70,0,MW,97.48
HELIOS SS / 138KV / BAY1 - LINE1 / MEASUREMENT / ACTIVE POWER,ACTIVE POWER,03/04/2023 13:28:15,73,0,MW,97.46
HELIOS SS / 138KV / BAY1 - LINE1 / MEASUREMENT / ACTIVE POWER,ACTIVE POWER,03/04/2023 13:28:19,75,0,MW,97.46
HELIOS SS / 138KV / BAY1 - LINE1 / MEASUREMENT / ACTIVE POWER,ACTIVE POWER,03/04/2023 13:28:23,65,0,MW,97.44
HELIOS SS / 138KV / BAY1 - LINE1 / MEASUREMENT / ACTIVE POWER,ACTIVE POWER,03/04/2023 13:28:27,68,0,MW,97.43
HELIOS SS / 138KV / BAY1 - LINE1 / MEASUREMENT / ACTIVE POWER,ACTIVE POWER,03/04/2023 13:28:31,70,0,MW,97.42
HELIOS SS / 138KV / BAY1 - LINE1 / MEASUREMENT / ACTIVE POWER,ACTIVE POWER,03/04/2023 13:28:35,60,0,MW,97.41
HELIOS SS / 138KV / BAY1 - LINE1 / MEASUREMENT / ACTIVE POWER,ACTIVE POWER,03/04/2023 13:28:39,70,0,MW,97.40
HELIOS SS / 138KV / BAY1 - LINE1 / MEASUREMENT / ACTIVE POWER,ACTIVE POWER,03/04/2023 13:28:43,65,0,MW,97.39
HELIOS SS / 138KV / BAY1 - LINE1 / MEASUREMENT / ACTIVE POWER,ACTIVE POWER,03/04/2023 13:28:47,75,0,MW,97.38
HELIOS SS / 138KV / BAY1 - LINE1 / MEASUREMENT / ACTIVE POWER,ACTIVE POWER,03/04/2023 13:28:51,74,0,MW,97.37
HELIOS SS / 138KV / BAY1 - LINE1 / MEASUREMENT / ACTIVE POWER,ACTIVE POWER,03/04/2023 13:28:55,67,0,MW,97.35
HELIOS SS / 138KV / BAY1 - LINE1 / MEASUREMENT / ACTIVE POWER,ACTIVE POWER,03/04/2023 13:28:59,65,0,MW,97.35
HELIOS SS / 138KV / BAY1 - LINE1 / MEASUREMENT / ACTIVE POWER,ACTIVE POWER,03/04/2023 13:29:03,70,0,MW,97.32
HELIOS SS / 138KV / BAY1 - LINE1 / MEASUREMENT / ACTIVE POWER,ACTIVE POWER,03/04/2023 13:29:07,70,0,MW,97.32
HELIOS SS / 138KV / BAY1 - LINE1 / MEASUREMENT / ACTIVE POWER,ACTIVE POWER,03/04/2023 13:29:11,73,0,MW,97.29
HELIOS SS / 138KV / BAY1 - LINE1 / MEASUREMENT / ACTIVE POWER,ACTIVE POWER,03/04/2023 13:29:15,75,0,MW,97.29
HELIOS SS / 138KV / BAY1 - LINE1 / MEASUREMENT / ACTIVE POWER,ACTIVE POWER,03/04/2023 13:29:19,65,0,MW,97.29
HELIOS SS / 138KV / BAY1 - LINE1 / MEASUREMENT / ACTIVE POWER,ACTIVE POWER,03/04/2023 13:29:23,70,0,MW,97.25
HELIOS SS / 138KV / BAY1 - LINE1 / MEASUREMENT / ACTIVE POWER,ACTIVE POWER,03/04/2023 13:29:27,70,0,MW,97.25
HELIOS SS / 138KV / BAY1 - LINE1 / MEASUREMENT / ACTIVE POWER,ACTIVE POWER,03/04/2023 13:29:31,75,0,MW,97.24
HELIOS SS / 138KV / BAY1 - LINE1 / MEASUREMENT / ACTIVE POWER,ACTIVE POWER,03/04/2023 13:29:35,60,0,MW,97.21
HELIOS SS / 138KV / BAY1 - LINE1 / MEASUREMENT / ACTIVE POWER,ACTIVE POWER,03/04/2023 13:29:39,65,0,MW,97.18
HELIOS SS / 138KV / BAY1 - LINE1 / MEASUREMENT / ACTIVE POWER,ACTIVE POWER,03/04/2023 13:29:43,65,0,MW,97.14
HELIOS SS / 138KV / BAY1 - LINE1 / MEASUREMENT / ACTIVE POWER,ACTIVE POWER,03/04/2023 13:29:47,63,0,MW,97.13
HELIOS SS / 138KV / BAY1 - LINE1 / MEASUREMENT / ACTIVE POWER,ACTIVE POWER,03/04/2023 13:29:51,60,0,MW,97.11
HELIOS SS / 138KV / BAY1 - LINE1 / MEASUREMENT / ACTIVE POWER,ACTIVE POWER,03/04/2023 13:29:55,64,0,MW,97.10
HELIOS SS / 138KV / BAY1 - LINE1 / MEASUREMENT / ACTIVE POWER,ACTIVE POWER,03/04/2023 13:29:59,60,0,MW,97.06
HELIOS SS / 138KV / BAY1 - LINE1 / MEASUREMENT / ACTIVE POWER,ACTIVE POWER,03/04/2023 13:30:03,60,0,MW,97.04
HELIOS SS / 138KV / BAY1 - LINE1 / MEASUREMENT / ACTIVE POWER,ACTIVE POWER,03/04/2023 13:30:07,65,0,MW,97.01
HELIOS SS / 138KV / BAY1 - LINE1 / MEASUREMENT / ACTIVE POWER,ACTIVE POWER,03/04/2023 13:30:11,67,0,MW,96.98
HELIOS SS / 138KV / BAY1 - LINE1 / MEASUREMENT / ACTIVE POWER,ACTIVE POWER,03/04/2023 13:30:15,65,0,MW,96.96
HELIOS SS / 138KV / BAY1 - LINE1 / MEASUREMENT / ACTIVE POWER,ACTIVE POWER,03/04/2023 13:30:19,70,0,MW,96.93
HELIOS SS / 138KV / BAY1 - LINE1 / MEASUREMENT / ACTIVE POWER,ACTIVE POWER,03/04/2023 13:30:23,65,0,MW,96.93
HELIOS SS / 138KV / BAY1 - LINE1 / MEASUREMENT / ACTIVE POWER,ACTIVE POWER,03/04/2023 13:30:27,65,0,MW,96.90
HELIOS SS / 138KV / BAY1 - LINE1 / MEASUREMENT / ACTIVE POWER,ACTIVE POWER,03/04/2023 13:30:31,70,0,MW,96.88
HELIOS SS / 138KV / BAY1 - LINE1 / MEASUREMENT / ACTIVE POWER,ACTIVE POWER,03/04/2023 13:30:35,71,0,MW,96.87
HELIOS SS / 138KV / BAY1 - LINE1 / MEASUREMENT / ACTIVE POWER,ACTIVE POWER,03/04/2023 13:30:39,75,0,MW,96.86
HELIOS SS / 138KV / BAY1 - LINE1 / MEASUREMENT / ACTIVE POWER,ACTIVE POWER,03/04/2023 13:30:43,75,0,MW,96.86
HELIOS SS / 138KV / BAY1 - LINE1 / MEASUREMENT / ACTIVE POWER,ACTIVE POWER,03/04/2023 13:30:47,75,0,MW,96.85
HELIOS SS / 138KV / BAY1 - LINE1 / MEASUREMENT / ACTIVE POWER,ACTIVE POWER,03/04/2023 13:30:51,65,0,MW,96.82
HELIOS SS / 138KV / BAY1 - LINE1 / MEASUREMENT / ACTIVE POWER,ACTIVE POWER,03/04/2023 13:30:55,75,0,MW,96.85
HELIOS SS / 138KV / BAY1 - LINE1 / MEASUREMENT / ACTIVE POWER,ACTIVE POWER,03/04/2023 13:30:59,77,0,MW,96.85
HELIOS SS / 138KV / BAY1 - LINE1 / MEASUREMENT / ACTIVE POWER,ACTIVE POWER,03/04/2023 13:31:03,60,0,MW,96.86
HELIOS SS / 138KV / BAY1 - LINE1 / MEASUREMENT / ACTIVE POWER,ACTIVE POWER,03/04/2023 13:31:07,65,0,MW,96.87
HELIOS SS / 138KV / BAY1 - LINE1 / MEASUREMENT / ACTIVE POWER,ACTIVE POWER,03/04/2023 13:31:11,65,0,MW,96.87
HELIOS SS / 138KV / BAY1 - LINE1 / MEASUREMENT / ACTIVE POWER,ACTIVE POWER,03/04/2023 13:31:15,64,0,MW,96.86
HELIOS SS / 138KV / BAY1 - LINE1 / MEASUREMENT / ACTIVE POWER,ACTIVE POWER,03/04/2023 13:31:19,60,0,MW,96.86
HELIOS SS / 138KV / BAY1 - LINE1 / MEASUREMENT / ACTIVE POWER,ACTIVE POWER,03/04/2023 13:31:23,64,0,MW,96.88
HELIOS SS / 138KV / BAY1 - LINE1 / MEASUREMENT / ACTIVE POWER,ACTIVE POWER,03/04/2023 13:31:27,65,0,MW,96.89
HELIOS SS / 138KV / BAY1 - LINE1 / MEASUREMENT / ACTIVE POWER,ACTIVE POWER,03/04/2023 13:31:31,60,0,MW,96.88
HELIOS SS / 138KV / BAY1 - LINE1 / MEASUREMENT / ACTIVE POWER,ACTIVE POWER,03/04/2023 13:31:35,65,0,MW,96.88
HELIOS SS / 138KV / BAY1 - LINE1 / MEASUREMENT / ACTIVE POWER,ACTIVE POWER,03/04/2023 13:31:39,75,0,MW,96.88
HELIOS SS / 138KV / BAY1 - LINE1 / MEASUREMENT / ACTIVE POWER,ACTIVE POWER,03/04/2023 13:31:43,60,0,MW,96.88
HELIOS SS / 138KV / BAY1 - LINE1 / MEASUREMENT / ACTIVE POWER,ACTIVE POWER,03/04/2023 13:31:47,64,0,MW,96.88
HELIOS SS / 138KV / BAY1 - LINE1 / MEASUREMENT / ACTIVE POWER,ACTIVE POWER,03/04/2023 13:31:51,60,0,MW,96.87
HELIOS SS / 138KV / BAY1 - LINE1 / MEASUREMENT / ACTIVE POWER,ACTIVE POWER,03/04/2023 13:31:55,60,0,MW,96.89
HELIOS SS / 138KV / BAY1 - LINE1 / MEASUREMENT / ACTIVE POWER,ACTIVE POWER,03/04/2023 13:31:59,60,0,MW,96.87
HELIOS SS / 138KV / BAY1 - LINE1 / MEASUREMENT / ACTIVE POWER,ACTIVE POWER,03/04/2023 13:32:03,80,0,MW,96.89
HELIOS SS / 138KV / BAY1 - LINE1 / MEASUREMENT / ACTIVE POWER,ACTIVE POWER,03/04/2023 13:32:07,60,0,MW,96.88
HELIOS SS / 138KV / BAY1 - LINE1 / MEASUREMENT / ACTIVE POWER,ACTIVE POWER,03/04/2023 13:32:11,68,0,MW,96.90
HELIOS SS / 138KV / BAY1 - LINE1 / MEASUREMENT / ACTIVE POWER,ACTIVE POWER,03/04/2023 13:32:15,70,0,MW,96.90
HELIOS SS / 138KV / BAY1 - LINE1 / MEASUREMENT / ACTIVE POWER,ACTIVE POWER,03/04/2023 13:32:19,71,0,MW,96.92
HELIOS SS / 138KV / BAY1 - LINE1 / MEASUREMENT / ACTIVE POWER,ACTIVE POWER,03/04/2023 13:32:23,70,0,MW,96.93
HELIOS SS / 138KV / BAY1 - LINE1 / MEASUREMENT / ACTIVE POWER,ACTIVE POWER,03/04/2023 13:32:27,75,0,MW,96.94
HELIOS SS / 138KV / BAY1 - LINE1 / MEASUREMENT / ACTIVE POWER,ACTIVE POWER,03/04/2023 13:32:31,75,0,MW,96.94
HELIOS SS / 138KV / BAY1 - LINE1 / MEASUREMENT / ACTIVE POWER,ACTIVE POWER,03/04/2023 13:32:35,70,0,MW,96.95
HELIOS SS / 138KV / BAY1 - LINE1 / MEASUREMENT / ACTIVE POWER,ACTIVE POWER,03/04/2023 13:32:39,73,0,MW,96.95
HELIOS SS / 138KV / BAY1 - LINE1 / MEASUREMENT / ACTIVE POWER,ACTIVE POWER,03/04/2023 13:32:43,70,0,MW,96.96
HELIOS SS / 138KV / BAY1 - LINE1 / MEASUREMENT / ACTIVE POWER,ACTIVE POWER,03/04/2023 13:32:47,70,0,MW,96.94
HELIOS SS / 138KV / BAY1 - LINE1 / MEASUREMENT / ACTIVE POWER,ACTIVE POWER,03/04/2023 13:32:51,70,0,MW,96.94
HELIOS SS / 138KV / BAY1 - LINE1 / MEASUREMENT / ACTIVE POWER,ACTIVE POWER,03/04/2023 13:32:55,71,0,MW,96.93
HELIOS SS / 138KV / BAY1 - LINE1 / MEASUREMENT / ACTIVE POWER,ACTIVE POWER,03/04/2023 13:32:59,69,0,MW,96.94
HELIOS SS / 138KV / BAY1 - LINE1 / MEASUREMENT / ACTIVE POWER,ACTIVE POWER,03/04/2023 13:33:03,72,0,MW,96.92
HELIOS SS / 138KV / BAY1 - LINE1 / MEASUREMENT / ACTIVE POWER,ACTIVE POWER,03/04/2023 13:33:07,74,0,MW,96.92
HELIOS SS / 138KV / BAY1 - LINE1 / MEASUREMENT / ACTIVE POWER,ACTIVE POWER,03/04/2023 13:33:11,59,0,MW,96.91
HELIOS SS / 138KV / BAY1 - LINE1 / MEASUREMENT / ACTIVE POWER,ACTIVE POWER,03/04/2023 13:33:15,59,0,MW,96.89
HELIOS SS / 138KV / BAY1 - LINE1 / MEASUREMENT / ACTIVE POWER,ACTIVE POWER,03/04/2023 13:33:19,64,0,MW,96.88
HELIOS SS / 138KV / BAY1 - LINE1 / MEASUREMENT / ACTIVE POWER,ACTIVE POWER,03/04/2023 13:33:23,67,0,MW,96.87
HELIOS SS / 138KV / BAY1 - LINE1 / MEASUREMENT / ACTIVE POWER,ACTIVE POWER,03/04/2023 13:33:27,64,0,MW,96.86
HELIOS SS / 138KV / BAY1 - LINE1 / MEASUREMENT / ACTIVE POWER,ACTIVE POWER,03/04/2023 13:33:31,67,0,MW,96.84
HELIOS SS / 138KV / BAY1 - LINE1 / MEASUREMENT / ACTIVE POWER,ACTIVE POWER,03/04/2023 13:33:35,66,0,MW,96.83
HELIOS SS / 138KV / BAY1 - LINE1 / MEASUREMENT / ACTIVE POWER,ACTIVE POWER,03/04/2023 13:33:39,68,0,MW,96.82
HELIOS SS / 138KV / BAY1 - LINE1 / MEASUREMENT / ACTIVE POWER,ACTIVE POWER,03/04/2023 13:33:43,71,0,MW,96.80
HELIOS SS / 138KV / BAY1 - LINE1 / MEASUREMENT / ACTIVE POWER,ACTIVE POWER,03/04/2023 13:33:47,71,0,MW,96.78
HELIOS SS / 138KV / BAY1 - LINE1 / MEASUREMENT / ACTIVE POWER,ACTIVE POWER,03/04/2023 13:33:51,71,0,MW,96.76
HELIOS SS / 138KV / BAY1 - LINE1 / MEASUREMENT / ACTIVE POWER,ACTIVE POWER,03/04/2023 13:33:55,61,0,MW,96.76
HELIOS SS / 138KV / BAY1 - LINE1 / MEASUREMENT / ACTIVE POWER,ACTIVE POWER,03/04/2023 13:33:59,80,0,MW,96.74
HELIOS SS / 138KV / BAY1 - LINE1 / MEASUREMENT / ACTIVE POWER,ACTIVE POWER,03/04/2023 13:34:03,61,0,MW,96.72
HELIOS SS / 138KV / BAY1 - LINE1 / MEASUREMENT / ACTIVE POWER,ACTIVE POWER,03/04/2023 13:34:07,61,0,MW,96.70
HELIOS SS / 138KV / BAY1 - LINE1 / MEASUREMENT / ACTIVE POWER,ACTIVE POWER,03/04/2023 13:34:11,66,0,MW,96.68
HELIOS SS / 138KV / BAY1 - LINE1 / MEASUREMENT / ACTIVE POWER,ACTIVE POWER,03/04/2023 13:34:15,69,0,MW,96.66
HELIOS SS / 138KV / BAY1 - LINE1 / MEASUREMENT / ACTIVE POWER,ACTIVE POWER,03/04/2023 13:34:19,66,0,MW,96.64
HELIOS SS / 138KV / BAY1 - LINE1 / MEASUREMENT / ACTIVE POWER,ACTIVE POWER,03/04/2023 13:34:23,70,0,MW,96.63
HELIOS SS / 138KV / BAY1 - LINE1 / MEASUREMENT / ACTIVE POWER,ACTIVE POWER,03/04/2023 13:34:27,80,0,MW,96.60
HELIOS SS / 138KV / BAY1 - LINE1 / MEASUREMENT / ACTIVE POWER,ACTIVE POWER,03/04/2023 13:34:31,61,0,MW,96.58
HELIOS SS / 138KV / BAY1 - LINE1 / MEASUREMENT / ACTIVE POWER,ACTIVE POWER,03/04/2023 13:34:35,70,0,MW,96.57
HELIOS SS / 138KV / BAY1 - LINE1 / MEASUREMENT / ACTIVE POWER,ACTIVE POWER,03/04/2023 13:34:39,74,0,MW,96.55
HELIOS SS / 138KV / BAY1 - LINE1 / MEASUREMENT / ACTIVE POWER,ACTIVE POWER,03/04/2023 13:34:43,75,0,MW,96.54
HELIOS SS / 138KV / BAY1 - LINE1 / MEASUREMENT / ACTIVE POWER,ACTIVE POWER,03/04/2023 13:34:47,75,0,MW,96.51
HELIOS SS / 138KV / BAY1 - LINE1 / MEASUREMENT / ACTIVE POWER,ACTIVE POWER,03/04/2023 13:34:51,75,0,MW,96.49
HELIOS SS / 138KV / BAY1 - LINE1 / MEASUREMENT / ACTIVE POWER,ACTIVE POWER,03/04/2023 13:34:55,74,0,MW,96.48
HELIOS SS / 138KV / BAY1 - LINE1 / MEASUREMENT / ACTIVE POWER,ACTIVE POWER,03/04/2023 13:34:59,75,0,MW,96.46
HELIOS SS / 138KV / BAY1 - LINE1 / MEASUREMENT / ACTIVE POWER,ACTIVE POWER,03/04/2023 13:35:03,75,0,MW,96.45
HELIOS SS / 138KV / BAY1 - LINE1 / MEASUREMENT / ACTIVE POWER,ACTIVE POWER,03/04/2023 13:35:07,75,0,MW,96.42
HELIOS SS / 138KV / BAY1 - LINE1 / MEASUREMENT / ACTIVE POWER,ACTIVE POWER,03/04/2023 13:35:11,65,0,MW,96.40
HELIOS SS / 138KV / BAY1 - LINE1 / MEASUREMENT / ACTIVE POWER,ACTIVE POWER,03/04/2023 13:35:15,66,0,MW,96.38
HELIOS SS / 138KV / BAY1 - LINE1 / MEASUREMENT / ACTIVE POWER,ACTIVE POWER,03/04/2023 13:35:19,64,0,MW,96.37
HELIOS SS / 138KV / BAY1 - LINE1 / MEASUREMENT / ACTIVE POWER,ACTIVE POWER,03/04/2023 13:35:23,64,0,MW,96.35
HELIOS SS / 138KV / BAY1 - LINE1 / MEASUREMENT / ACTIVE POWER,ACTIVE POWER,03/04/2023 13:35:27,64,0,MW,96.34
HELIOS SS / 138KV / BAY1 - LINE1 / MEASUREMENT / ACTIVE POWER,ACTIVE POWER,03/04/2023 13:35:31,64,0,MW,96.30
HELIOS SS / 138KV / BAY1 - LINE1 / MEASUREMENT / ACTIVE POWER,ACTIVE POWER,03/04/2023 13:35:35,69,0,MW,96.29
HELIOS SS / 138KV / BAY1 - LINE1 / MEASUREMENT / ACTIVE POWER,ACTIVE POWER,03/04/2023 13:35:39,69,0,MW,96.27
HELIOS SS / 138KV / BAY1 - LINE1 / MEASUREMENT / ACTIVE POWER,ACTIVE POWER,03/04/2023 13:35:43,71,0,MW,96.26
HELIOS SS / 138KV / BAY1 - LINE1 / MEASUREMENT / ACTIVE POWER,ACTIVE POWER,03/04/2023 13:35:47,64,0,MW,96.25
HELIOS SS / 138KV / BAY1 - LINE1 / MEASUREMENT / ACTIVE POWER,ACTIVE POWER,03/04/2023 13:35:51,70,0,MW,96.23
HELIOS SS / 138KV / BAY1 - LINE1 / MEASUREMENT / ACTIVE POWER,ACTIVE POWER,03/04/2023 13:35:55,76,0,MW,96.22
HELIOS SS / 138KV / BAY1 - LINE1 / MEASUREMENT / ACTIVE POWER,ACTIVE POWER,03/04/2023 13:35:59,62,0,MW,96.20
HELIOS SS / 138KV / BAY1 - LINE1 / MEASUREMENT / ACTIVE POWER,ACTIVE POWER,03/04/2023 13:36:03,77,0,MW,96.19
HELIOS SS / 138KV / BAY1 - LINE1 / MEASUREMENT / ACTIVE POWER,ACTIVE POWER,03/04/2023 13:36:07,79,0,MW,96.16
HELIOS SS / 138KV / BAY1 - LINE1 / MEASUREMENT / ACTIVE POWER,ACTIVE POWER,03/04/2023 13:36:11,77,0,MW,96.14
HELIOS SS / 138KV / BAY1 - LINE1 / MEASUREMENT / ACTIVE POWER,ACTIVE POWER,03/04/2023 13:36:15,62,0,MW,96.11
HELIOS SS / 138KV / BAY1 - LINE1 / MEASUREMENT / ACTIVE POWER,ACTIVE POWER,03/04/2023 13:36:19,62,0,MW,96.05
HELIOS SS / 138KV / BAY1 - LINE1 / MEASUREMENT / ACTIVE POWER,ACTIVE POWER,03/04/2023 13:36:23,67,0,MW,96.01
HELIOS SS / 138KV / BAY1 - LINE1 / MEASUREMENT / ACTIVE POWER,ACTIVE POWER,03/04/2023 13:36:27,72,0,MW,96.00
HELIOS SS / 138KV / BAY1 - LINE1 / MEASUREMENT / ACTIVE POWER,ACTIVE POWER,03/04/2023 13:36:31,72,0,MW,95.97
HELIOS SS / 138KV / BAY1 - LINE1 / MEASUREMENT / ACTIVE POWER,ACTIVE POWER,03/04/2023 13:36:35,75,0,MW,95.95
HELIOS SS / 138KV / BAY1 - LINE1 / MEASUREMENT / ACTIVE POWER,ACTIVE POWER,03/04/2023 13:36:39,73,0,MW,95.92
HELIOS SS / 138KV / BAY1 - LINE1 / MEASUREMENT / ACTIVE POWER,ACTIVE POWER,03/04/2023 13:36:43,73,0,MW,95.90
HELIOS SS / 138KV / BAY1 - LINE1 / MEASUREMENT / ACTIVE POWER,ACTIVE POWER,03/04/2023 13:36:47,78,0,MW,95.89
HELIOS SS / 138KV / BAY1 - LINE1 / MEASUREMENT / ACTIVE POWER,ACTIVE POWER,03/04/2023 13:36:51,63,0,MW,95.86
HELIOS SS / 138KV / BAY1 - LINE1 / MEASUREMENT / ACTIVE POWER,ACTIVE POWER,03/04/2023 13:36:55,63,0,MW,95.86
HELIOS SS / 138KV / BAY1 - LINE1 / MEASUREMENT / ACTIVE POWER,ACTIVE POWER,03/04/2023 13:36:59,78,0,MW,95.84
HELIOS SS / 138KV / BAY1 - LINE1 / MEASUREMENT / ACTIVE POWER,ACTIVE POWER,03/04/2023 13:37:03,82,0,MW,95.81
HELIOS SS / 138KV / BAY1 - LINE1 / MEASUREMENT / ACTIVE POWER,ACTIVE POWER,03/04/2023 13:37:07,78,0,MW,95.78
HELIOS SS / 138KV / BAY1 - LINE1 / MEASUREMENT / ACTIVE POWER,ACTIVE POWER,03/04/2023 13:37:11,73,0,MW,95.78
HELIOS SS / 138KV / BAY1 - LINE1 / MEASUREMENT / ACTIVE POWER,ACTIVE POWER,03/04/2023 13:37:15,75,0,MW,95.75
HELIOS SS / 138KV / BAY1 - LINE1 / MEASUREMENT / ACTIVE POWER,ACTIVE POWER,03/04/2023 13:37:19,73,0,MW,95.72
HELIOS SS / 138KV / BAY1 - LINE1 / MEASUREMENT / ACTIVE POWER,ACTIVE POWER,03/04/2023 13:37:23,78,0,MW,95.70
HELIOS SS / 138KV / BAY1 - LINE1 / MEASUREMENT / ACTIVE POWER,ACTIVE POWER,03/04/2023 13:37:27,74,0,MW,95.68
HELIOS SS / 138KV / BAY1 - LINE1 / MEASUREMENT / ACTIVE POWER,ACTIVE POWER,03/04/2023 13:37:31,73,0,MW,95.68
HELIOS SS / 138KV / BAY1 - LINE1 / MEASUREMENT / ACTIVE POWER,ACTIVE POWER,03/04/2023 13:37:35,73,0,MW,95.67
HELIOS SS / 138KV / BAY1 - LINE1 / MEASUREMENT / ACTIVE POWER,ACTIVE POWER,03/04/2023 13:37:39,78,0,MW,95.68
HELIOS SS / 138KV / BAY1 - LINE1 / MEASUREMENT / ACTIVE POWER,ACTIVE POWER,03/04/2023 13:37:43,73,0,MW,95.68
HELIOS SS / 138KV / BAY1 - LINE1 / MEASUREMENT / ACTIVE POWER,ACTIVE POWER,03/04/2023 13:37:47,73,0,MW,95.68
HELIOS SS / 138KV / BAY1 - LINE1 / MEASUREMENT / ACTIVE POWER,ACTIVE POWER,03/04/2023 13:37:51,76,0,MW,95.67
HELIOS SS / 138KV / BAY1 - LINE1 / MEASUREMENT / ACTIVE POWER,ACTIVE POWER,03/04/2023 13:37:55,73,0,MW,95.63
HELIOS SS / 138KV / BAY1 - LINE1 / MEASUREMENT / ACTIVE POWER,ACTIVE POWER,03/04/2023 13:37:59,73,0,MW,95.60
HELIOS SS / 138KV / BAY1 - LINE1 / MEASUREMENT / ACTIVE POWER,ACTIVE POWER,03/04/2023 13:38:03,78,0,MW,95.58
HELIOS SS / 138KV / BAY1 - LINE1 / MEASUREMENT / ACTIVE POWER,ACTIVE POWER,03/04/2023 13:38:07,78,0,MW,95.57
HELIOS SS / 138KV / BAY1 - LINE1 / MEASUREMENT / ACTIVE POWER,ACTIVE POWER,03/04/2023 13:38:11,73,0,MW,95.53
HELIOS SS / 138KV / BAY1 - LINE1 / MEASUREMENT / ACTIVE POWER,ACTIVE POWER,03/04/2023 13:38:15,73,0,MW,95.52
HELIOS SS / 138KV / BAY1 - LINE1 / MEASUREMENT / ACTIVE POWER,ACTIVE POWER,03/04/2023 13:38:19,73,0,MW,95.52
HELIOS SS / 138KV / BAY1 - LINE1 / MEASUREMENT / ACTIVE POWER,ACTIVE POWER,03/04/2023 13:38:23,73,0,MW,95.52
HELIOS SS / 138KV / BAY1 - LINE1 / MEASUREMENT / ACTIVE POWER,ACTIVE POWER,03/04/2023 13:38:27,73,0,MW,95.51
HELIOS SS / 138KV / BAY1 - LINE1 / MEASUREMENT / ACTIVE POWER,ACTIVE POWER,03/04/2023 13:38:31,82,0,MW,95.51
HELIOS SS / 138KV / BAY1 - LINE1 / MEASUREMENT / ACTIVE POWER,ACTIVE POWER,03/04/2023 13:38:35,63,0,MW,95.52
HELIOS SS / 138KV / BAY1 - LINE1 / MEASUREMENT / ACTIVE POWER,ACTIVE POWER,03/04/2023 13:38:39,78,0,MW,95.53
HELIOS SS / 138KV / BAY1 - LINE1 / MEASUREMENT / ACTIVE POWER,ACTIVE POWER,03/04/2023 13:38:43,67,0,MW,95.55
HELIOS SS / 138KV / BAY1 - LINE1 / MEASUREMENT / ACTIVE POWER,ACTIVE POWER,03/04/2023 13:38:47,68,0,MW,95.57
HELIOS SS / 138KV / BAY1 - LINE1 / MEASUREMENT / ACTIVE POWER,ACTIVE POWER,03/04/2023 13:38:51,63,0,MW,95.56
HELIOS SS / 138KV / BAY1 - LINE1 / MEASUREMENT / ACTIVE POWER,ACTIVE POWER,03/04/2023 13:38:55,80,0,MW,95.57
HELIOS SS / 138KV / BAY1 - LINE1 / MEASUREMENT / ACTIVE POWER,ACTIVE POWER,03/04/2023 13:38:59,78,0,MW,95.58
HELIOS SS / 138KV / BAY1 - LINE1 / MEASUREMENT / ACTIVE POWER,ACTIVE POWER,03/04/2023 13:39:03,79,0,MW,95.57
HELIOS SS / 138KV / BAY1 - LINE1 / MEASUREMENT / ACTIVE POWER,ACTIVE POWER,03/04/2023 13:39:07,63,0,MW,95.55
HELIOS SS / 138KV / BAY1 - LINE1 / MEASUREMENT / ACTIVE POWER,ACTIVE POWER,03/04/2023 13:39:11,63,0,MW,95.54
HELIOS SS / 138KV / BAY1 - LINE1 / MEASUREMENT / ACTIVE POWER,ACTIVE POWER,03/04/2023 13:39:15,69,0,MW,95.54
HELIOS SS / 138KV / BAY1 - LINE1 / MEASUREMENT / ACTIVE POWER,ACTIVE POWER,03/04/2023 13:39:19,68,0,MW,95.53
HELIOS SS / 138KV / BAY1 - LINE1 / MEASUREMENT / ACTIVE POWER,ACTIVE POWER,03/04/2023 13:39:23,67,0,MW,95.52
HELIOS SS / 138KV / BAY1 - LINE1 / MEASUREMENT / ACTIVE POWER,ACTIVE POWER,03/04/2023 13:39:27,68,0,MW,95.50
HELIOS SS / 138KV / BAY1 - LINE1 / MEASUREMENT / ACTIVE POWER,ACTIVE POWER,03/04/2023 13:39:31,67,0,MW,95.50
HELIOS SS / 138KV / BAY1 - LINE1 / MEASUREMENT / ACTIVE POWER,ACTIVE POWER,03/04/2023 13:39:35,72,0,MW,95.48
HELIOS SS / 138KV / BAY1 - LINE1 / MEASUREMENT / ACTIVE POWER,ACTIVE POWER,03/04/2023 13:39:39,81,0,MW,95.47
HELIOS SS / 138KV / BAY1 - LINE1 / MEASUREMENT / ACTIVE POWER,ACTIVE POWER,03/04/2023 13:39:43,78,0,MW,95.44
HELIOS SS / 138KV / BAY1 - LINE1 / MEASUREMENT / ACTIVE POWER,ACTIVE POWER,03/04/2023 13:39:47,80,0,MW,95.45
HELIOS SS / 138KV / BAY1 - LINE1 / MEASUREMENT / ACTIVE POWER,ACTIVE POWER,03/04/2023 13:39:51,71,0,MW,95.43
HELIOS SS / 138KV / BAY1 - LINE1 / MEASUREMENT / ACTIVE POWER,ACTIVE POWER,03/04/2023 13:39:55,79,0,MW,95.42
HELIOS SS / 138KV / BAY1 - LINE1 / MEASUREMENT / ACTIVE POWER,ACTIVE POWER,03/04/2023 13:39:59,70,0,MW,95.42
HELIOS SS / 138KV / BAY1 - LINE1 / MEASUREMENT / ACTIVE POWER,ACTIVE POWER,03/04/2023 13:40:03,68,0,MW,95.42
HELIOS SS / 138KV / BAY1 - LINE1 / MEASUREMENT / ACTIVE POWER,ACTIVE POWER,03/04/2023 13:40:07,69,0,MW,95.40
HELIOS SS / 138KV / BAY1 - LINE1 / MEASUREMENT / ACTIVE POWER,ACTIVE POWER,03/04/2023 13:40:11,68,0,MW,95.39
HELIOS SS / 138KV / BAY1 - LINE1 / MEASUREMENT / ACTIVE POWER,ACTIVE POWER,03/04/2023 13:40:15,68,0,MW,95.37
HELIOS SS / 138KV / BAY1 - LINE1 / MEASUREMENT / ACTIVE POWER,ACTIVE POWER,03/04/2023 13:40:19,75,0,MW,95.37
HELIOS SS / 138KV / BAY1 - LINE1 / MEASUREMENT / ACTIVE POWER,ACTIVE POWER,03/04/2023 13:40:23,67,0,MW,95.34
HELIOS SS / 138KV / BAY1 - LINE1 / MEASUREMENT / ACTIVE POWER,ACTIVE POWER,03/04/2023 13:40:27,74,0,MW,95.34
HELIOS SS / 138KV / BAY1 - LINE1 / MEASUREMENT / ACTIVE POWER,ACTIVE POWER,03/04/2023 13:40:31,65,0,MW,95.33
HELIOS SS / 138KV / BAY1 - LINE1 / MEASUREMENT / ACTIVE POWER,ACTIVE POWER,03/04/2023 13:40:35,63,0,MW,95.33
HELIOS SS / 138KV / BAY1 - LINE1 / MEASUREMENT / ACTIVE POWER,ACTIVE POWER,03/04/2023 13:40:39,80,0,MW,95.32
HELIOS SS / 138KV / BAY1 - LINE1 / MEASUREMENT / ACTIVE POWER,ACTIVE POWER,03/04/2023 13:40:43,63,0,MW,95.31
HELIOS SS / 138KV / BAY1 - LINE1 / MEASUREMENT / ACTIVE POWER,ACTIVE POWER,03/04/2023 13:40:47,63,0,MW,95.31
HELIOS SS / 138KV / BAY1 - LINE1 / MEASUREMENT / ACTIVE POWER,ACTIVE POWER,03/04/2023 13:40:51,71,0,MW,95.30
HELIOS SS / 138KV / BAY1 - LINE1 / MEASUREMENT / ACTIVE POWER,ACTIVE POWER,03/04/2023 13:40:55,68,0,MW,95.29
HELIOS SS / 138KV / BAY1 - LINE1 / MEASUREMENT / ACTIVE POWER,ACTIVE POWER,03/04/2023 13:40:59,69,0,MW,95.28
HELIOS SS / 138KV / BAY1 - LINE1 / MEASUREMENT / ACTIVE POWER,ACTIVE POWER,03/04/2023 13:41:03,78,0,MW,95.27
HELIOS SS / 138KV / BAY1 - LINE1 / MEASUREMENT / ACTIVE POWER,ACTIVE POWER,03/04/2023 13:41:07,82,0,MW,95.26
HELIOS SS / 138KV / BAY1 - LINE1 / MEASUREMENT / ACTIVE POWER,ACTIVE POWER,03/04/2023 13:41:11,67,0,MW,95.25
HELIOS SS / 138KV / BAY1 - LINE1 / MEASUREMENT / ACTIVE POWER,ACTIVE POWER,03/04/2023 13:41:15,68,0,MW,95.24
HELIOS SS / 138KV / BAY1 - LINE1 / MEASUREMENT / ACTIVE POWER,ACTIVE POWER,03/04/2023 13:41:19,73,0,MW,95.24
HELIOS SS / 138KV / BAY1 - LINE1 / MEASUREMENT / ACTIVE POWER,ACTIVE POWER,03/04/2023 13:41:23,73,0,MW,95.23
HELIOS SS / 138KV / BAY1 - LINE1 / MEASUREMENT / ACTIVE POWER,ACTIVE POWER,03/04/2023 13:41:27,73,0,MW,95.23
HELIOS SS / 138KV / BAY1 - LINE1 / MEASUREMENT / ACTIVE POWER,ACTIVE POWER,03/04/2023 13:41:31,78,0,MW,95.21
HELIOS SS / 138KV / BAY1 - LINE1 / MEASUREMENT / ACTIVE POWER,ACTIVE POWER,03/04/2023 13:41:35,78,0,MW,95.20
HELIOS SS / 138KV / BAY1 - LINE1 / MEASUREMENT / ACTIVE POWER,ACTIVE POWER,03/04/2023 13:41:39,78,0,MW,95.19
HELIOS SS / 138KV / BAY1 - LINE1 / MEASUREMENT / ACTIVE POWER,ACTIVE POWER,03/04/2023 13:41:43,73,0,MW,95.19
HELIOS SS / 138KV / BAY1 - LINE1 / MEASUREMENT / ACTIVE POWER,ACTIVE POWER,03/04/2023 13:41:47,73,0,MW,95.17
HELIOS SS / 138KV / BAY1 - LINE1 / MEASUREMENT / ACTIVE POWER,ACTIVE POWER,03/04/2023 13:41:51,81,0,MW,95.16
HELIOS SS / 138KV / BAY1 - LINE1 / MEASUREMENT / ACTIVE POWER,ACTIVE POWER,03/04/2023 13:41:55,78,0,MW,95.14
HELIOS SS / 138KV / BAY1 - LINE1 / MEASUREMENT / ACTIVE POWER,ACTIVE POWER,03/04/2023 13:41:59,79,0,MW,95.13
HELIOS SS / 138KV / BAY1 - LINE1 / MEASUREMENT / ACTIVE POWER,ACTIVE POWER,03/04/2023 13:42:03,63,0,MW,95.11
HELIOS SS / 138KV / BAY1 - LINE1 / MEASUREMENT / ACTIVE POWER,ACTIVE POWER,03/04/2023 13:42:07,63,0,MW,95.10
HELIOS SS / 138KV / BAY1 - LINE1 / MEASUREMENT / ACTIVE POWER,ACTIVE POWER,03/04/2023 13:42:11,63,0,MW,95.08
HELIOS SS / 138KV / BAY1 - LINE1 / MEASUREMENT / ACTIVE POWER,ACTIVE POWER,03/04/2023 13:42:15,63,0,MW,95.08
HELIOS SS / 138KV / BAY1 - LINE1 / MEASUREMENT / ACTIVE POWER,ACTIVE POWER,03/04/2023 13:42:19,67,0,MW,95.07
HELIOS SS / 138KV / BAY1 - LINE1 / MEASUREMENT / ACTIVE POWER,ACTIVE POWER,03/04/2023 13:42:23,68,0,MW,95.04
HELIOS SS / 138KV / BAY1 - LINE1 / MEASUREMENT / ACTIVE POWER,ACTIVE POWER,03/04/2023 13:42:27,68,0,MW,95.03
HELIOS SS / 138KV / BAY1 - LINE1 / MEASUREMENT / ACTIVE POWER,ACTIVE POWER,03/04/2023 13:42:31,73,0,MW,95.02
HELIOS SS / 138KV / BAY1 - LINE1 / MEASUREMENT / ACTIVE POWER,ACTIVE POWER,03/04/2023 13:42:35,80,0,MW,95.01
HELIOS SS / 138KV / BAY1 - LINE1 / MEASUREMENT / ACTIVE POWER,ACTIVE POWER,03/04/2023 13:42:39,63,0,MW,94.98
HELIOS SS / 138KV / BAY1 - LINE1 / MEASUREMENT / ACTIVE POWER,ACTIVE POWER,03/04/2023 13:42:43,63,0,MW,94.96
HELIOS SS / 138KV / BAY1 - LINE1 / MEASUREMENT / ACTIVE POWER,ACTIVE POWER,03/04/2023 13:42:47,63,0,MW,94.94
HELIOS SS / 138KV / BAY1 - LINE1 / MEASUREMENT / ACTIVE POWER,ACTIVE POWER,03/04/2023 13:42:51,63,0,MW,94.93
HELIOS SS / 138KV / BAY1 - LINE1 / MEASUREMENT / ACTIVE POWER,ACTIVE POWER,03/04/2023 13:42:55,67,0,MW,94.90
HELIOS SS / 138KV / BAY1 - LINE1 / MEASUREMENT / ACTIVE POWER,ACTIVE POWER,03/04/2023 13:42:59,68,0,MW,94.88
HELIOS SS / 138KV / BAY1 - LINE1 / MEASUREMENT / ACTIVE POWER,ACTIVE POWER,03/04/2023 13:43:03,68,0,MW,94.86
HELIOS SS / 138KV / BAY1 - LINE1 / MEASUREMENT / ACTIVE POWER,ACTIVE POWER,03/04/2023 13:43:07,63,0,MW,94.86
HELIOS SS / 138KV / BAY1 - LINE1 / MEASUREMENT / ACTIVE POWER,ACTIVE POWER,03/04/2023 13:43:11,63,0,MW,94.82
HELIOS SS / 138KV / BAY1 - LINE1 / MEASUREMENT / ACTIVE POWER,ACTIVE POWER,03/04/2023 13:43:15,70,0,MW,94.80
HELIOS SS / 138KV / BAY1 - LINE1 / MEASUREMENT / ACTIVE POWER,ACTIVE POWER,03/04/2023 13:43:19,68,0,MW,94.78
HELIOS SS / 138KV / BAY1 - LINE1 / MEASUREMENT / ACTIVE POWER,ACTIVE POWER,03/04/2023 13:43:23,68,0,MW,94.77
HELIOS SS / 138KV / BAY1 - LINE1 / MEASUREMENT / ACTIVE POWER,ACTIVE POWER,03/04/2023 13:43:27,68,0,MW,94.74
HELIOS SS / 138KV / BAY1 - LINE1 / MEASUREMENT / ACTIVE POWER,ACTIVE POWER,03/04/2023 13:43:31,68,0,MW,94.72
HELIOS SS / 138KV / BAY1 - LINE1 / MEASUREMENT / ACTIVE POWER,ACTIVE POWER,03/04/2023 13:43:35,73,0,MW,94.71
HELIOS SS / 138KV / BAY1 - LINE1 / MEASUREMENT / ACTIVE POWER,ACTIVE POWER,03/04/2023 13:43:39,73,0,MW,94.68
HELIOS SS / 138KV / BAY1 - LINE1 / MEASUREMENT / ACTIVE POWER,ACTIVE POWER,03/04/2023 13:43:43,73,0,MW,94.67
HELIOS SS / 138KV / BAY1 - LINE1 / MEASUREMENT / ACTIVE POWER,ACTIVE POWER,03/04/2023 13:43:47,68,0,MW,94.64
HELIOS SS / 138KV / BAY1 - LINE1 / MEASUREMENT / ACTIVE POWER,ACTIVE POWER,03/04/2023 13:43:51,68,0,MW,94.61
HELIOS SS / 138KV / BAY1 - LINE1 / MEASUREMENT / ACTIVE POWER,ACTIVE POWER,03/04/2023 13:43:55,68,0,MW,94.59
HELIOS SS / 138KV / BAY1 - LINE1 / MEASUREMENT / ACTIVE POWER,ACTIVE POWER,03/04/2023 13:43:59,68,0,MW,94.57
HELIOS SS / 138KV / BAY1 - LINE1 / MEASUREMENT / ACTIVE POWER,ACTIVE POWER,03/04/2023 13:44:03,63,0,MW,94.56
HELIOS SS / 138KV / BAY1 - LINE1 / MEASUREMENT / ACTIVE POWER,ACTIVE POWER,03/04/2023 13:44:07,63,0,MW,94.53
HELIOS SS / 138KV / BAY1 - LINE1 / MEASUREMENT / ACTIVE POWER,ACTIVE POWER,03/04/2023 13:44:11,70,0,MW,94.52
HELIOS SS / 138KV / BAY1 - LINE1 / MEASUREMENT / ACTIVE POWER,ACTIVE POWER,03/04/2023 13:44:15,77,0,MW,94.49
HELIOS SS / 138KV / BAY1 - LINE1 / MEASUREMENT / ACTIVE POWER,ACTIVE POWER,03/04/2023 13:44:19,73,0,MW,94.49
HELIOS SS / 138KV / BAY1 - LINE1 / MEASUREMENT / ACTIVE POWER,ACTIVE POWER,03/04/2023 13:44:23,74,0,MW,94.46
HELIOS SS / 138KV / BAY1 - LINE1 / MEASUREMENT / ACTIVE POWER,ACTIVE POWER,03/04/2023 13:44:27,81,0,MW,94.46
HELIOS SS / 138KV / BAY1 - LINE1 / MEASUREMENT / ACTIVE POWER,ACTIVE POWER,03/04/2023 13:44:31,78,0,MW,94.43
HELIOS SS / 138KV / BAY1 - LINE1 / MEASUREMENT / ACTIVE POWER,ACTIVE POWER,03/04/2023 13:44:35,80,0,MW,94.40
HELIOS SS / 138KV / BAY1 - LINE1 / MEASUREMENT / ACTIVE POWER,ACTIVE POWER,03/04/2023 13:44:39,63,0,MW,94.38
HELIOS SS / 138KV / BAY1 - LINE1 / MEASUREMENT / ACTIVE POWER,ACTIVE POWER,03/04/2023 13:44:43,76,0,MW,94.37
HELIOS SS / 138KV / BAY1 - LINE1 / MEASUREMENT / ACTIVE POWER,ACTIVE POWER,03/04/2023 13:44:47,67,0,MW,94.33
HELIOS SS / 138KV / BAY1 - LINE1 / MEASUREMENT / ACTIVE POWER,ACTIVE POWER,03/04/2023 13:44:51,68,0,MW,94.32
HELIOS SS / 138KV / BAY1 - LINE1 / MEASUREMENT / ACTIVE POWER,ACTIVE POWER,03/04/2023 13:44:55,64,0,MW,94.29
HELIOS SS / 138KV / BAY1 - LINE1 / MEASUREMENT / ACTIVE POWER,ACTIVE POWER,03/04/2023 13:44:59,63,0,MW,94.29
HELIOS SS / 138KV / BAY1 - LINE1 / MEASUREMENT / ACTIVE POWER,ACTIVE POWER,03/04/2023 13:45:03,63,0,MW,94.28
HELIOS SS / 138KV / BAY1 - LINE1 / MEASUREMENT / ACTIVE POWER,ACTIVE POWER,03/04/2023 13:45:07,69,0,MW,94.25
HELIOS SS / 138KV / BAY1 - LINE1 / MEASUREMENT / ACTIVE POWER,ACTIVE POWER,03/04/2023 13:45:11,68,0,MW,94.24
HELIOS SS / 138KV / BAY1 - LINE1 / MEASUREMENT / ACTIVE POWER,ACTIVE POWER,03/04/2023 13:45:15,68,0,MW,94.22
HELIOS SS / 138KV / BAY1 - LINE1 / MEASUREMENT / ACTIVE POWER,ACTIVE POWER,03/04/2023 13:45:19,68,0,MW,94.20
HELIOS SS / 138KV / BAY1 - LINE1 / MEASUREMENT / ACTIVE POWER,ACTIVE POWER,03/04/2023 13:45:23,73,0,MW,94.18
HELIOS SS / 138KV / BAY1 - LINE1 / MEASUREMENT / ACTIVE POWER,ACTIVE POWER,03/04/2023 13:45:27,73,0,MW,94.17
HELIOS SS / 138KV / BAY1 - LINE1 / MEASUREMENT / ACTIVE POWER,ACTIVE POWER,03/04/2023 13:45:31,77,0,MW,94.15
HELIOS SS / 138KV / BAY1 - LINE1 / MEASUREMENT / ACTIVE POWER,ACTIVE POWER,03/04/2023 13:45:35,67,0,MW,94.13
HELIOS SS / 138KV / BAY1 - LINE1 / MEASUREMENT / ACTIVE POWER,ACTIVE POWER,03/04/2023 13:45:39,68,0,MW,94.10
HELIOS SS / 138KV / BAY1 - LINE1 / MEASUREMENT / ACTIVE POWER,ACTIVE POWER,03/04/2023 13:45:43,68,0,MW,94.10
HELIOS SS / 138KV / BAY1 - LINE1 / MEASUREMENT / ACTIVE POWER,ACTIVE POWER,03/04/2023 13:45:47,73,0,MW,94.08
HELIOS SS / 138KV / BAY1 - LINE1 / MEASUREMENT / ACTIVE POWER,ACTIVE POWER,03/04/2023 13:45:51,73,0,MW,94.07
HELIOS SS / 138KV / BAY1 - LINE1 / MEASUREMENT / ACTIVE POWER,ACTIVE POWER,03/04/2023 13:45:55,69,0,MW,94.05
HELIOS SS / 138KV / BAY1 - LINE1 / MEASUREMENT / ACTIVE POWER,ACTIVE POWER,03/04/2023 13:45:59,68,0,MW,94.03
HELIOS SS / 138KV / BAY1 - LINE1 / MEASUREMENT / ACTIVE POWER,ACTIVE POWER,03/04/2023 13:46:03,68,0,MW,94.02
HELIOS SS / 138KV / BAY1 - LINE1 / MEASUREMENT / ACTIVE POWER,ACTIVE POWER,03/04/2023 13:46:07,73,0,MW,94.00
HELIOS SS / 138KV / BAY1 - LINE1 / MEASUREMENT / ACTIVE POWER,ACTIVE POWER,03/04/2023 13:46:11,78,0,MW,93.99
HELIOS SS / 138KV / BAY1 - LINE1 / MEASUREMENT / ACTIVE POWER,ACTIVE POWER,03/04/2023 13:46:15,63,0,MW,93.97
HELIOS SS / 138KV / BAY1 - LINE1 / MEASUREMENT / ACTIVE POWER,ACTIVE POWER,03/04/2023 13:46:19,68,0,MW,93.94
HELIOS SS / 138KV / BAY1 - LINE1 / MEASUREMENT / ACTIVE POWER,ACTIVE POWER,03/04/2023 13:46:23,82,0,MW,93.95
HELIOS SS / 138KV / BAY1 - LINE1 / MEASUREMENT / ACTIVE POWER,ACTIVE POWER,03/04/2023 13:46:27,78,0,MW,93.92
HELIOS SS / 138KV / BAY1 - LINE1 / MEASUREMENT / ACTIVE POWER,ACTIVE POWER,03/04/2023 13:46:31,78,0,MW,93.90
HELIOS SS / 138KV / BAY1 - LINE1 / MEASUREMENT / ACTIVE POWER,ACTIVE POWER,03/04/2023 13:46:35,63,0,MW,93.88
HELIOS SS / 138KV / BAY1 - LINE1 / MEASUREMENT / ACTIVE POWER,ACTIVE POWER,03/04/2023 13:46:39,68,0,MW,93.87
HELIOS SS / 138KV / BAY1 - LINE1 / MEASUREMENT / ACTIVE POWER,ACTIVE POWER,03/04/2023 13:46:43,68,0,MW,93.85
HELIOS SS / 138KV / BAY1 - LINE1 / MEASUREMENT / ACTIVE POWER,ACTIVE POWER,03/04/2023 13:46:47,73,0,MW,93.83
HELIOS SS / 138KV / BAY1 - LINE1 / MEASUREMENT / ACTIVE POWER,ACTIVE POWER,03/04/2023 13:46:51,78,0,MW,93.80
HELIOS SS / 138KV / BAY1 - LINE1 / MEASUREMENT / ACTIVE POWER,ACTIVE POWER,03/04/2023 13:46:55,78,0,MW,93.79
HELIOS SS / 138KV / BAY1 - LINE1 / MEASUREMENT / ACTIVE POWER,ACTIVE POWER,03/04/2023 13:46:59,78,0,MW,93.77
HELIOS SS / 138KV / BAY1 - LINE1 / MEASUREMENT / ACTIVE POWER,ACTIVE POWER,03/04/2023 13:47:03,63,0,MW,93.76
HELIOS SS / 138KV / BAY1 - LINE1 / MEASUREMENT / ACTIVE POWER,ACTIVE POWER,03/04/2023 13:47:07,69,0,MW,93.73
HELIOS SS / 138KV / BAY1 - LINE1 / MEASUREMENT / ACTIVE POWER,ACTIVE POWER,03/04/2023 13:47:11,68,0,MW,93.72
HELIOS SS / 138KV / BAY1 - LINE1 / MEASUREMENT / ACTIVE POWER,ACTIVE POWER,03/04/2023 13:47:15,68,0,MW,93.70
HELIOS SS / 138KV / BAY1 - LINE1 / MEASUREMENT / ACTIVE POWER,ACTIVE POWER,03/04/2023 13:47:19,73,0,MW,93.67
HELIOS SS / 138KV / BAY1 - LINE1 / MEASUREMENT / ACTIVE POWER,ACTIVE POWER,03/04/2023 13:47:23,77,0,MW,93.64
HELIOS SS / 138KV / BAY1 - LINE1 / MEASUREMENT / ACTIVE POWER,ACTIVE POWER,03/04/2023 13:47:27,78,0,MW,93.63
HELIOS SS / 138KV / BAY1 - LINE1 / MEASUREMENT / ACTIVE POWER,ACTIVE POWER,03/04/2023 13:47:31,78,0,MW,93.61
HELIOS SS / 138KV / BAY1 - LINE1 / MEASUREMENT / ACTIVE POWER,ACTIVE POWER,03/04/2023 13:47:35,63,0,MW,93.59
HELIOS SS / 138KV / BAY1 - LINE1 / MEASUREMENT / ACTIVE POWER,ACTIVE POWER,03/04/2023 13:47:39,69,0,MW,93.57
HELIOS SS / 138KV / BAY1 - LINE1 / MEASUREMENT / ACTIVE POWER,ACTIVE POWER,03/04/2023 13:47:43,68,0,MW,93.55
HELIOS SS / 138KV / BAY1 - LINE1 / MEASUREMENT / ACTIVE POWER,ACTIVE POWER,03/04/2023 13:47:47,64,0,MW,93.53
HELIOS SS / 138KV / BAY1 - LINE1 / MEASUREMENT / ACTIVE POWER,ACTIVE POWER,03/04/2023 13:47:51,63,0,MW,93.51
HELIOS SS / 138KV / BAY1 - LINE1 / MEASUREMENT / ACTIVE POWER,ACTIVE POWER,03/04/2023 13:47:55,63,0,MW,93.48
HELIOS SS / 138KV / BAY1 - LINE1 / MEASUREMENT / ACTIVE POWER,ACTIVE POWER,03/04/2023 13:47:59,82,0,MW,93.46
HELIOS SS / 138KV / BAY1 - LINE1 / MEASUREMENT / ACTIVE POWER,ACTIVE POWER,03/04/2023 13:48:03,78,0,MW,93.45
HELIOS SS / 138KV / BAY1 - LINE1 / MEASUREMENT / ACTIVE POWER,ACTIVE POWER,03/04/2023 13:48:07,78,0,MW,93.43
HELIOS SS / 138KV / BAY1 - LINE1 / MEASUREMENT / ACTIVE POWER,ACTIVE POWER,03/04/2023 13:48:11,82,0,MW,93.40
HELIOS SS / 138KV / BAY1 - LINE1 / MEASUREMENT / ACTIVE POWER,ACTIVE POWER,03/04/2023 13:48:15,63,0,MW,93.37
HELIOS SS / 138KV / BAY1 - LINE1 / MEASUREMENT / ACTIVE POWER,ACTIVE POWER,03/04/2023 13:48:19,63,0,MW,93.36
HELIOS SS / 138KV / BAY1 - LINE1 / MEASUREMENT / ACTIVE POWER,ACTIVE POWER,03/04/2023 13:48:23,68,0,MW,93.34
HELIOS SS / 138KV / BAY1 - LINE1 / MEASUREMENT / ACTIVE POWER,ACTIVE POWER,03/04/2023 13:48:27,73,0,MW,93.34
HELIOS SS / 138KV / BAY1 - LINE1 / MEASUREMENT / ACTIVE POWER,ACTIVE POWER,03/04/2023 13:48:31,73,0,MW,93.32
HELIOS SS / 138KV / BAY1 - LINE1 / MEASUREMENT / ACTIVE POWER,ACTIVE POWER,03/04/2023 13:48:35,73,0,MW,93.29
HELIOS SS / 138KV / BAY1 - LINE1 / MEASUREMENT / ACTIVE POWER,ACTIVE POWER,03/04/2023 13:48:39,78,0,MW,93.29
HELIOS SS / 138KV / BAY1 - LINE1 / MEASUREMENT / ACTIVE POWER,ACTIVE POWER,03/04/2023 13:48:43,63,0,MW,93.26
HELIOS SS / 138KV / BAY1 - LINE1 / MEASUREMENT / ACTIVE POWER,ACTIVE POWER,03/04/2023 13:48:47,68,0,MW,93.24
HELIOS SS / 138KV / BAY1 - LINE1 / MEASUREMENT / ACTIVE POWER,ACTIVE POWER,03/04/2023 13:48:51,68,0,MW,93.24
HELIOS SS / 138KV / BAY1 - LINE1 / MEASUREMENT / ACTIVE POWER,ACTIVE POWER,03/04/2023 13:48:55,73,0,MW,93.22
HELIOS SS / 138KV / BAY1 - LINE1 / MEASUREMENT / ACTIVE POWER,ACTIVE POWER,03/04/2023 13:48:59,73,0,MW,93.19
HELIOS SS / 138KV / BAY1 - LINE1 / MEASUREMENT / ACTIVE POWER,ACTIVE POWER,03/04/2023 13:49:03,68,0,MW,93.19
HELIOS SS / 138KV / BAY1 - LINE1 / MEASUREMENT / ACTIVE POWER,ACTIVE POWER,03/04/2023 13:49:07,63,0,MW,93.18
HELIOS SS / 138KV / BAY1 - LINE1 / MEASUREMENT / ACTIVE POWER,ACTIVE POWER,03/04/2023 13:49:11,69,0,MW,93.15
HELIOS SS / 138KV / BAY1 - LINE1 / MEASUREMENT / ACTIVE POWER,ACTIVE POWER,03/04/2023 13:49:15,68,0,MW,93.14
HELIOS SS / 138KV / BAY1 - LINE1 / MEASUREMENT / ACTIVE POWER,ACTIVE POWER,03/04/2023 13:49:19,73,0,MW,93.13
HELIOS SS / 138KV / BAY1 - LINE1 / MEASUREMENT / ACTIVE POWER,ACTIVE POWER,03/04/2023 13:49:23,73,0,MW,93.11
HELIOS SS / 138KV / BAY1 - LINE1 / MEASUREMENT / ACTIVE POWER,ACTIVE POWER,03/04/2023 13:49:27,78,0,MW,93.10
HELIOS SS / 138KV / BAY1 - LINE1 / MEASUREMENT / ACTIVE POWER,ACTIVE POWER,03/04/2023 13:49:31,63,0,MW,93.09
HELIOS SS / 138KV / BAY1 - LINE1 / MEASUREMENT / ACTIVE POWER,ACTIVE POWER,03/04/2023 13:49:35,67,0,MW,93.07
HELIOS SS / 138KV / BAY1 - LINE1 / MEASUREMENT / ACTIVE POWER,ACTIVE POWER,03/04/2023 13:49:39,72,0,MW,93.07
HELIOS SS / 138KV / BAY1 - LINE1 / MEASUREMENT / ACTIVE POWER,ACTIVE POWER,03/04/2023 13:49:43,77,0,MW,93.06
HELIOS SS / 138KV / BAY1 - LINE1 / MEASUREMENT / ACTIVE POWER,ACTIVE POWER,03/04/2023 13:49:47,78,0,MW,93.04
HELIOS SS / 138KV / BAY1 - LINE1 / MEASUREMENT / ACTIVE POWER,ACTIVE POWER,03/04/2023 13:49:51,78,0,MW,93.02
HELIOS SS / 138KV / BAY1 - LINE1 / MEASUREMENT / ACTIVE POWER,ACTIVE POWER,03/04/2023 13:49:55,78,0,MW,93.02
HELIOS SS / 138KV / BAY1 - LINE1 / MEASUREMENT / ACTIVE POWER,ACTIVE POWER,03/04/2023 13:49:59,83,0,MW,93.00
HELIOS SS / 138KV / BAY1 - LINE1 / MEASUREMENT / ACTIVE POWER,ACTIVE POWER,03/04/2023 13:50:03,63,0,MW,93.00
HELIOS SS / 138KV / BAY1 - LINE1 / MEASUREMENT / ACTIVE POWER,ACTIVE POWER,03/04/2023 13:50:07,63,0,MW,92.97
HELIOS SS / 138KV / BAY1 - LINE1 / MEASUREMENT / ACTIVE POWER,ACTIVE POWER,03/04/2023 13:50:11,68,0,MW,92.95
HELIOS SS / 138KV / BAY1 - LINE1 / MEASUREMENT / ACTIVE POWER,ACTIVE POWER,03/04/2023 13:50:15,73,0,MW,92.94
HELIOS SS / 138KV / BAY1 - LINE1 / MEASUREMENT / ACTIVE POWER,ACTIVE POWER,03/04/2023 13:50:19,73,0,MW,92.93
HELIOS SS / 138KV / BAY1 - LINE1 / MEASUREMENT / ACTIVE POWER,ACTIVE POWER,03/04/2023 13:50:23,73,0,MW,92.92
HELIOS SS / 138KV / BAY1 - LINE1 / MEASUREMENT / ACTIVE POWER,ACTIVE POWER,03/04/2023 13:50:27,73,0,MW,92.91
HELIOS SS / 138KV / BAY1 - LINE1 / MEASUREMENT / ACTIVE POWER,ACTIVE POWER,03/04/2023 13:50:31,72,0,MW,92.90
HELIOS SS / 138KV / BAY1 - LINE1 / MEASUREMENT / ACTIVE POWER,ACTIVE POWER,03/04/2023 13:50:35,73,0,MW,92.89
HELIOS SS / 138KV / BAY1 - LINE1 / MEASUREMENT / ACTIVE POWER,ACTIVE POWER,03/04/2023 13:50:39,73,0,MW,92.86
HELIOS SS / 138KV / BAY1 - LINE1 / MEASUREMENT / ACTIVE POWER,ACTIVE POWER,03/04/2023 13:50:43,79,0,MW,92.85
HELIOS SS / 138KV / BAY1 - LINE1 / MEASUREMENT / ACTIVE POWER,ACTIVE POWER,03/04/2023 13:50:47,62,0,MW,92.83
HELIOS SS / 138KV / BAY1 - LINE1 / MEASUREMENT / ACTIVE POWER,ACTIVE POWER,03/04/2023 13:50:51,68,0,MW,92.82
HELIOS SS / 138KV / BAY1 - LINE1 / MEASUREMENT / ACTIVE POWER,ACTIVE POWER,03/04/2023 13:50:55,68,0,MW,92.82
HELIOS SS / 138KV / BAY1 - LINE1 / MEASUREMENT / ACTIVE POWER,ACTIVE POWER,03/04/2023 13:50:59,72,0,MW,92.80
HELIOS SS / 138KV / BAY1 - LINE1 / MEASUREMENT / ACTIVE POWER,ACTIVE POWER,03/04/2023 13:51:03,78,0,MW,92.80
HELIOS SS / 138KV / BAY1 - LINE1 / MEASUREMENT / ACTIVE POWER,ACTIVE POWER,03/04/2023 13:51:07,64,0,MW,92.78
HELIOS SS / 138KV / BAY1 - LINE1 / MEASUREMENT / ACTIVE POWER,ACTIVE POWER,03/04/2023 13:51:11,63,0,MW,92.76
HELIOS SS / 138KV / BAY1 - LINE1 / MEASUREMENT / ACTIVE POWER,ACTIVE POWER,03/04/2023 13:51:15,63,0,MW,92.75
HELIOS SS / 138KV / BAY1 - LINE1 / MEASUREMENT / ACTIVE POWER,ACTIVE POWER,03/04/2023 13:51:19,65,0,MW,92.74
HELIOS SS / 138KV / BAY1 - LINE1 / MEASUREMENT / ACTIVE POWER,ACTIVE POWER,03/04/2023 13:51:23,63,0,MW,92.72
HELIOS SS / 138KV / BAY1 - LINE1 / MEASUREMENT / ACTIVE POWER,ACTIVE POWER,03/04/2023 13:51:27,78,0,MW,92.70
HELIOS SS / 138KV / BAY1 - LINE1 / MEASUREMENT / ACTIVE POWER,ACTIVE POWER,03/04/2023 13:51:31,82,0,MW,92.70
HELIOS SS / 138KV / BAY1 - LINE1 / MEASUREMENT / ACTIVE POWER,ACTIVE POWER,03/04/2023 13:51:35,63,0,MW,92.68
HELIOS SS / 138KV / BAY1 - LINE1 / MEASUREMENT / ACTIVE POWER,ACTIVE POWER,03/04/2023 13:51:39,63,0,MW,92.68
HELIOS SS / 138KV / BAY1 - LINE1 / MEASUREMENT / ACTIVE POWER,ACTIVE POWER,03/04/2023 13:51:43,78,0,MW,92.65
HELIOS SS / 138KV / BAY1 - LINE1 / MEASUREMENT / ACTIVE POWER,ACTIVE POWER,03/04/2023 13:51:47,73,0,MW,92.63
HELIOS SS / 138KV / BAY1 - LINE1 / MEASUREMENT / ACTIVE POWER,ACTIVE POWER,03/04/2023 13:51:51,79,0,MW,92.63
HELIOS SS / 138KV / BAY1 - LINE1 / MEASUREMENT / ACTIVE POWER,ACTIVE POWER,03/04/2023 13:51:55,63,0,MW,92.62
HELIOS SS / 138KV / BAY1 - LINE1 / MEASUREMENT / ACTIVE POWER,ACTIVE POWER,03/04/2023 13:51:59,63,0,MW,92.61
HELIOS SS / 138KV / BAY1 - LINE1 / MEASUREMENT / ACTIVE POWER,ACTIVE POWER,03/04/2023 13:52:03,65,0,MW,92.59
HELIOS SS / 138KV / BAY1 - LINE1 / MEASUREMENT / ACTIVE POWER,ACTIVE POWER,03/04/2023 13:52:07,63,0,MW,92.57
HELIOS SS / 138KV / BAY1 - LINE1 / MEASUREMENT / ACTIVE POWER,ACTIVE POWER,03/04/2023 13:52:11,63,0,MW,92.56
HELIOS SS / 138KV / BAY1 - LINE1 / MEASUREMENT / ACTIVE POWER,ACTIVE POWER,03/04/2023 13:52:15,67,0,MW,92.53
HELIOS SS / 138KV / BAY1 - LINE1 / MEASUREMENT / ACTIVE POWER,ACTIVE POWER,03/04/2023 13:52:19,72,0,MW,92.54
HELIOS SS / 138KV / BAY1 - LINE1 / MEASUREMENT / ACTIVE POWER,ACTIVE POWER,03/04/2023 13:52:23,80,0,MW,92.51
HELIOS SS / 138KV / BAY1 - LINE1 / MEASUREMENT / ACTIVE POWER,ACTIVE POWER,03/04/2023 13:52:27,63,0,MW,92.50
HELIOS SS / 138KV / BAY1 - LINE1 / MEASUREMENT / ACTIVE POWER,ACTIVE POWER,03/04/2023 13:52:31,78,0,MW,92.49
HELIOS SS / 138KV / BAY1 - LINE1 / MEASUREMENT / ACTIVE POWER,ACTIVE POWER,03/04/2023 13:52:35,65,0,MW,92.48
HELIOS SS / 138KV / BAY1 - LINE1 / MEASUREMENT / ACTIVE POWER,ACTIVE POWER,03/04/2023 13:52:39,63,0,MW,92.44
HELIOS SS / 138KV / BAY1 - LINE1 / MEASUREMENT / ACTIVE POWER,ACTIVE POWER,03/04/2023 13:52:43,78,0,MW,92.43
HELIOS SS / 138KV / BAY1 - LINE1 / MEASUREMENT / ACTIVE POWER,ACTIVE POWER,03/04/2023 13:52:47,82,0,MW,92.43
HELIOS SS / 138KV / BAY1 - LINE1 / MEASUREMENT / ACTIVE POWER,ACTIVE POWER,03/04/2023 13:52:51,63,0,MW,92.40
HELIOS SS / 138KV / BAY1 - LINE1 / MEASUREMENT / ACTIVE POWER,ACTIVE POWER,03/04/2023 13:52:55,63,0,MW,92.39
HELIOS SS / 138KV / BAY1 - LINE1 / MEASUREMENT / ACTIVE POWER,ACTIVE POWER,03/04/2023 13:52:59,67,0,MW,92.37
HELIOS SS / 138KV / BAY1 - LINE1 / MEASUREMENT / ACTIVE POWER,ACTIVE POWER,03/04/2023 13:53:03,73,0,MW,92.37
HELIOS SS / 138KV / BAY1 - LINE1 / MEASUREMENT / ACTIVE POWER,ACTIVE POWER,03/04/2023 13:53:07,73,0,MW,92.36
HELIOS SS / 138KV / BAY1 - LINE1 / MEASUREMENT / ACTIVE POWER,ACTIVE POWER,03/04/2023 13:53:11,73,0,MW,92.33
HELIOS SS / 138KV / BAY1 - LINE1 / MEASUREMENT / ACTIVE POWER,ACTIVE POWER,03/04/2023 13:53:15,68,0,MW,92.33
HELIOS SS / 138KV / BAY1 - LINE1 / MEASUREMENT / ACTIVE POWER,ACTIVE POWER,03/04/2023 13:53:19,73,0,MW,92.31
HELIOS SS / 138KV / BAY1 - LINE1 / MEASUREMENT / ACTIVE POWER,ACTIVE POWER,03/04/2023 13:53:23,73,0,MW,92.29
HELIOS SS / 138KV / BAY1 - LINE1 / MEASUREMENT / ACTIVE POWER,ACTIVE POWER,03/04/2023 13:53:27,63,0,MW,92.28
HELIOS SS / 138KV / BAY1 - LINE1 / MEASUREMENT / ACTIVE POWER,ACTIVE POWER,03/04/2023 13:53:31,66,0,MW,92.27
HELIOS SS / 138KV / BAY1 - LINE1 / MEASUREMENT / ACTIVE POWER,ACTIVE POWER,03/04/2023 13:53:35,78,0,MW,92.25
HELIOS SS / 138KV / BAY1 - LINE1 / MEASUREMENT / ACTIVE POWER,ACTIVE POWER,03/04/2023 13:53:39,81,0,MW,92.25
HELIOS SS / 138KV / BAY1 - LINE1 / MEASUREMENT / ACTIVE POWER,ACTIVE POWER,03/04/2023 13:53:43,63,0,MW,92.23
HELIOS SS / 138KV / BAY1 - LINE1 / MEASUREMENT / ACTIVE POWER,ACTIVE POWER,03/04/2023 13:53:47,79,0,MW,92.20
HELIOS SS / 138KV / BAY1 - LINE1 / MEASUREMENT / ACTIVE POWER,ACTIVE POWER,03/04/2023 13:53:51,82,0,MW,92.18
HELIOS SS / 138KV / BAY1 - LINE1 / MEASUREMENT / ACTIVE POWER,ACTIVE POWER,03/04/2023 13:53:55,75,0,MW,92.16
HELIOS SS / 138KV / BAY1 - LINE1 / MEASUREMENT / ACTIVE POWER,ACTIVE POWER,03/04/2023 13:53:59,73,0,MW,92.14
HELIOS SS / 138KV / BAY1 - LINE1 / MEASUREMENT / ACTIVE POWER,ACTIVE POWER,03/04/2023 13:54:03,73,0,MW,92.12
HELIOS SS / 138KV / BAY1 - LINE1 / MEASUREMENT / ACTIVE POWER,ACTIVE POWER,03/04/2023 13:54:07,78,0,MW,92.11
HELIOS SS / 138KV / BAY1 - LINE1 / MEASUREMENT / ACTIVE POWER,ACTIVE POWER,03/04/2023 13:54:11,83,0,MW,92.10
HELIOS SS / 138KV / BAY1 - LINE1 / MEASUREMENT / ACTIVE POWER,ACTIVE POWER,03/04/2023 13:54:15,75,0,MW,92.08
HELIOS SS / 138KV / BAY1 - LINE1 / MEASUREMENT / ACTIVE POWER,ACTIVE POWER,03/04/2023 13:54:19,64,0,MW,92.07
HELIOS SS / 138KV / BAY1 - LINE1 / MEASUREMENT / ACTIVE POWER,ACTIVE POWER,03/04/2023 13:54:23,63,0,MW,92.05
HELIOS SS / 138KV / BAY1 - LINE1 / MEASUREMENT / ACTIVE POWER,ACTIVE POWER,03/04/2023 13:54:27,63,0,MW,92.03
HELIOS SS / 138KV / BAY1 - LINE1 / MEASUREMENT / ACTIVE POWER,ACTIVE POWER,03/04/2023 13:54:31,67,0,MW,92.01
HELIOS SS / 138KV / BAY1 - LINE1 / MEASUREMENT / ACTIVE POWER,ACTIVE POWER,03/04/2023 13:54:35,67,0,MW,92.00
HELIOS SS / 138KV / BAY1 - LINE1 / MEASUREMENT / ACTIVE POWER,ACTIVE POWER,03/04/2023 13:54:39,67,0,MW,91.97
HELIOS SS / 138KV / BAY1 - LINE1 / MEASUREMENT / ACTIVE POWER,ACTIVE POWER,03/04/2023 13:54:43,72,0,MW,91.96
HELIOS SS / 138KV / BAY1 - LINE1 / MEASUREMENT / ACTIVE POWER,ACTIVE POWER,03/04/2023 13:54:47,76,0,MW,91.93
HELIOS SS / 138KV / BAY1 - LINE1 / MEASUREMENT / ACTIVE POWER,ACTIVE POWER,03/04/2023 13:54:51,77,0,MW,91.92
HELIOS SS / 138KV / BAY1 - LINE1 / MEASUREMENT / ACTIVE POWER,ACTIVE POWER,03/04/2023 13:54:55,73,0,MW,91.90
HELIOS SS / 138KV / BAY1 - LINE1 / MEASUREMENT / ACTIVE POWER,ACTIVE POWER,03/04/2023 13:54:59,79,0,MW,91.88
HELIOS SS / 138KV / BAY1 - LINE1 / MEASUREMENT / ACTIVE POWER,ACTIVE POWER,03/04/2023 13:55:03,62,0,MW,91.87
HELIOS SS / 138KV / BAY1 - LINE1 / MEASUREMENT / ACTIVE POWER,ACTIVE POWER,03/04/2023 13:55:07,63,0,MW,91.85
HELIOS SS / 138KV / BAY1 - LINE1 / MEASUREMENT / ACTIVE POWER,ACTIVE POWER,03/04/2023 13:55:11,67,0,MW,91.83
HELIOS SS / 138KV / BAY1 - LINE1 / MEASUREMENT / ACTIVE POWER,ACTIVE POWER,03/04/2023 13:55:15,64,0,MW,91.82
HELIOS SS / 138KV / BAY1 - LINE1 / MEASUREMENT / ACTIVE POWER,ACTIVE POWER,03/04/2023 13:55:19,79,0,MW,91.80
HELIOS SS / 138KV / BAY1 - LINE1 / MEASUREMENT / ACTIVE POWER,ACTIVE POWER,03/04/2023 13:55:23,68,0,MW,91.79
HELIOS SS / 138KV / BAY1 - LINE1 / MEASUREMENT / ACTIVE POWER,ACTIVE POWER,03/04/2023 13:55:27,69,0,MW,91.76
HELIOS SS / 138KV / BAY1 - LINE1 / MEASUREMENT / ACTIVE POWER,ACTIVE POWER,03/04/2023 13:55:31,74,0,MW,91.76
HELIOS SS / 138KV / BAY1 - LINE1 / MEASUREMENT / ACTIVE POWER,ACTIVE POWER,03/04/2023 13:55:35,74,0,MW,91.73
HELIOS SS / 138KV / BAY1 - LINE1 / MEASUREMENT / ACTIVE POWER,ACTIVE POWER,03/04/2023 13:55:39,79,0,MW,91.71
HELIOS SS / 138KV / BAY1 - LINE1 / MEASUREMENT / ACTIVE POWER,ACTIVE POWER,03/04/2023 13:55:43,64,0,MW,91.71
HELIOS SS / 138KV / BAY1 - LINE1 / MEASUREMENT / ACTIVE POWER,ACTIVE POWER,03/04/2023 13:55:47,64,0,MW,91.69
HELIOS SS / 138KV / BAY1 - LINE1 / MEASUREMENT / ACTIVE POWER,ACTIVE POWER,03/04/2023 13:55:51,69,0,MW,91.67
HELIOS SS / 138KV / BAY1 - LINE1 / MEASUREMENT / ACTIVE POWER,ACTIVE POWER,03/04/2023 13:55:55,64,0,MW,91.65
HELIOS SS / 138KV / BAY1 - LINE1 / MEASUREMENT / ACTIVE POWER,ACTIVE POWER,03/04/2023 13:55:59,70,0,MW,91.64
HELIOS SS / 138KV / BAY1 - LINE1 / MEASUREMENT / ACTIVE POWER,ACTIVE POWER,03/04/2023 13:56:03,69,0,MW,91.63
HELIOS SS / 138KV / BAY1 - LINE1 / MEASUREMENT / ACTIVE POWER,ACTIVE POWER,03/04/2023 13:56:07,69,0,MW,91.62
HELIOS SS / 138KV / BAY1 - LINE1 / MEASUREMENT / ACTIVE POWER,ACTIVE POWER,03/04/2023 13:56:11,74,0,MW,91.60
HELIOS SS / 138KV / BAY1 - LINE1 / MEASUREMENT / ACTIVE POWER,ACTIVE POWER,03/04/2023 13:56:15,69,0,MW,91.58
HELIOS SS / 138KV / BAY1 - LINE1 / MEASUREMENT / ACTIVE POWER,ACTIVE POWER,03/04/2023 13:56:19,69,0,MW,91.57
HELIOS SS / 138KV / BAY1 - LINE1 / MEASUREMENT / ACTIVE POWER,ACTIVE POWER,03/04/2023 13:56:23,74,0,MW,91.56
HELIOS SS / 138KV / BAY1 - LINE1 / MEASUREMENT / ACTIVE POWER,ACTIVE POWER,03/04/2023 13:56:27,78,0,MW,91.53
HELIOS SS / 138KV / BAY1 - LINE1 / MEASUREMENT / ACTIVE POWER,ACTIVE POWER,03/04/2023 13:56:31,83,0,MW,91.51
HELIOS SS / 138KV / BAY1 - LINE1 / MEASUREMENT / ACTIVE POWER,ACTIVE POWER,03/04/2023 13:56:35,74,0,MW,91.50
HELIOS SS / 138KV / BAY1 - LINE1 / MEASUREMENT / ACTIVE POWER,ACTIVE POWER,03/04/2023 13:56:39,74,0,MW,91.49
HELIOS SS / 138KV / BAY1 - LINE1 / MEASUREMENT / ACTIVE POWER,ACTIVE POWER,03/04/2023 13:56:43,74,0,MW,91.47
HELIOS SS / 138KV / BAY1 - LINE1 / MEASUREMENT / ACTIVE POWER,ACTIVE POWER,03/04/2023 13:56:47,68,0,MW,91.47
HELIOS SS / 138KV / BAY1 - LINE1 / MEASUREMENT / ACTIVE POWER,ACTIVE POWER,03/04/2023 13:56:51,73,0,MW,91.44
HELIOS SS / 138KV / BAY1 - LINE1 / MEASUREMENT / ACTIVE POWER,ACTIVE POWER,03/04/2023 13:56:55,73,0,MW,91.42
HELIOS SS / 138KV / BAY1 - LINE1 / MEASUREMENT / ACTIVE POWER,ACTIVE POWER,03/04/2023 13:56:59,78,0,MW,91.41
HELIOS SS / 138KV / BAY1 - LINE1 / MEASUREMENT / ACTIVE POWER,ACTIVE POWER,03/04/2023 13:57:03,64,0,MW,91.38
HELIOS SS / 138KV / BAY1 - LINE1 / MEASUREMENT / ACTIVE POWER,ACTIVE POWER,03/04/2023 13:57:07,63,0,MW,91.39
HELIOS SS / 138KV / BAY1 - LINE1 / MEASUREMENT / ACTIVE POWER,ACTIVE POWER,03/04/2023 13:57:11,78,0,MW,91.37
HELIOS SS / 138KV / BAY1 - LINE1 / MEASUREMENT / ACTIVE POWER,ACTIVE POWER,03/04/2023 13:57:15,82,0,MW,91.35
HELIOS SS / 138KV / BAY1 - LINE1 / MEASUREMENT / ACTIVE POWER,ACTIVE POWER,03/04/2023 13:57:19,63,0,MW,91.33
HELIOS SS / 138KV / BAY1 - LINE1 / MEASUREMENT / ACTIVE POWER,ACTIVE POWER,03/04/2023 13:57:23,63,0,MW,91.31
HELIOS SS / 138KV / BAY1 - LINE1 / MEASUREMENT / ACTIVE POWER,ACTIVE POWER,03/04/2023 13:57:27,73,0,MW,91.31
HELIOS SS / 138KV / BAY1 - LINE1 / MEASUREMENT / ACTIVE POWER,ACTIVE POWER,03/04/2023 13:57:31,73,0,MW,91.28
HELIOS SS / 138KV / BAY1 - LINE1 / MEASUREMENT / ACTIVE POWER,ACTIVE POWER,03/04/2023 13:57:35,77,0,MW,91.26
HELIOS SS / 138KV / BAY1 - LINE1 / MEASUREMENT / ACTIVE POWER,ACTIVE POWER,03/04/2023 13:57:39,78,0,MW,91.25
HELIOS SS / 138KV / BAY1 - LINE1 / MEASUREMENT / ACTIVE POWER,ACTIVE POWER,03/04/2023 13:57:43,78,0,MW,91.24
HELIOS SS / 138KV / BAY1 - LINE1 / MEASUREMENT / ACTIVE POWER,ACTIVE POWER,03/04/2023 13:57:47,78,0,MW,91.21
HELIOS SS / 138KV / BAY1 - LINE1 / MEASUREMENT / ACTIVE POWER,ACTIVE POWER,03/04/2023 13:57:51,78,0,MW,91.20
HELIOS SS / 138KV / BAY1 - LINE1 / MEASUREMENT / ACTIVE POWER,ACTIVE POWER,03/04/2023 13:57:55,73,0,MW,91.19
HELIOS SS / 138KV / BAY1 - LINE1 / MEASUREMENT / ACTIVE POWER,ACTIVE POWER,03/04/2023 13:57:59,73,0,MW,91.17
HELIOS SS / 138KV / BAY1 - LINE1 / MEASUREMENT / ACTIVE POWER,ACTIVE POWER,03/04/2023 13:58:03,73,0,MW,91.15
HELIOS SS / 138KV / BAY1 - LINE1 / MEASUREMENT / ACTIVE POWER,ACTIVE POWER,03/04/2023 13:58:07,78,0,MW,91.14
HELIOS SS / 138KV / BAY1 - LINE1 / MEASUREMENT / ACTIVE POWER,ACTIVE POWER,03/04/2023 13:58:11,63,0,MW,91.13
HELIOS SS / 138KV / BAY1 - LINE1 / MEASUREMENT / ACTIVE POWER,ACTIVE POWER,03/04/2023 13:58:15,69,0,MW,91.11
HELIOS SS / 138KV / BAY1 - LINE1 / MEASUREMENT / ACTIVE POWER,ACTIVE POWER,03/04/2023 13:58:19,68,0,MW,91.10
HELIOS SS / 138KV / BAY1 - LINE1 / MEASUREMENT / ACTIVE POWER,ACTIVE POWER,03/04/2023 13:58:23,68,0,MW,91.06
HELIOS SS / 138KV / BAY1 - LINE1 / MEASUREMENT / ACTIVE POWER,ACTIVE POWER,03/04/2023 13:58:27,73,0,MW,91.04
HELIOS SS / 138KV / BAY1 - LINE1 / MEASUREMENT / ACTIVE POWER,ACTIVE POWER,03/04/2023 13:58:31,77,0,MW,91.04
HELIOS SS / 138KV / BAY1 - LINE1 / MEASUREMENT / ACTIVE POWER,ACTIVE POWER,03/04/2023 13:58:35,73,0,MW,91.02
HELIOS SS / 138KV / BAY1 - LINE1 / MEASUREMENT / ACTIVE POWER,ACTIVE POWER,03/04/2023 13:58:39,73,0,MW,90.99
HELIOS SS / 138KV / BAY1 - LINE1 / MEASUREMENT / ACTIVE POWER,ACTIVE POWER,03/04/2023 13:58:43,79,0,MW,90.98
HELIOS SS / 138KV / BAY1 - LINE1 / MEASUREMENT / ACTIVE POWER,ACTIVE POWER,03/04/2023 13:58:47,63,0,MW,90.97
HELIOS SS / 138KV / BAY1 - LINE1 / MEASUREMENT / ACTIVE POWER,ACTIVE POWER,03/04/2023 13:58:51,78,0,MW,90.95
HELIOS SS / 138KV / BAY1 - LINE1 / MEASUREMENT / ACTIVE POWER,ACTIVE POWER,03/04/2023 13:58:55,81,0,MW,90.94
HELIOS SS / 138KV / BAY1 - LINE1 / MEASUREMENT / ACTIVE POWER,ACTIVE POWER,03/04/2023 13:58:59,78,0,MW,90.93
HELIOS SS / 138KV / BAY1 - LINE1 / MEASUREMENT / ACTIVE POWER,ACTIVE POWER,03/04/2023 13:59:03,78,0,MW,90.91
HELIOS SS / 138KV / BAY1 - LINE1 / MEASUREMENT / ACTIVE POWER,ACTIVE POWER,03/04/2023 13:59:07,68,0,MW,90.89
HELIOS SS / 138KV / BAY1 - LINE1 / MEASUREMENT / ACTIVE POWER,ACTIVE POWER,03/04/2023 13:59:11,68,0,MW,90.87
HELIOS SS / 138KV / BAY1 - LINE1 / MEASUREMENT / ACTIVE POWER,ACTIVE POWER,03/04/2023 13:59:15,64,0,MW,90.86
HELIOS SS / 138KV / BAY1 - LINE1 / MEASUREMENT / ACTIVE POWER,ACTIVE POWER,03/04/2023 13:59:19,63,0,MW,90.84
HELIOS SS / 138KV / BAY1 - LINE1 / MEASUREMENT / ACTIVE POWER,ACTIVE POWER,03/04/2023 13:59:23,63,0,MW,90.82
HELIOS SS / 138KV / BAY1 - LINE1 / MEASUREMENT / ACTIVE POWER,ACTIVE POWER,03/04/2023 13:59:27,66,0,MW,90.80
HELIOS SS / 138KV / BAY1 - LINE1 / MEASUREMENT / ACTIVE POWER,ACTIVE POWER,03/04/2023 13:59:31,63,0,MW,90.80
HELIOS SS / 138KV / BAY1 - LINE1 / MEASUREMENT / ACTIVE POWER,ACTIVE POWER,03/04/2023 13:59:35,62,0,MW,90.78
HELIOS SS / 138KV / BAY1 - LINE1 / MEASUREMENT / ACTIVE POWER,ACTIVE POWER,03/04/2023 13:59:39,68,0,MW,90.76
HELIOS SS / 138KV / BAY1 - LINE1 / MEASUREMENT / ACTIVE POWER,ACTIVE POWER,03/04/2023 13:59:43,68,0,MW,90.75
HELIOS SS / 138KV / BAY1 - LINE1 / MEASUREMENT / ACTIVE POWER,ACTIVE POWER,03/04/2023 13:59:47,80,0,MW,90.73
HELIOS SS / 138KV / BAY1 - LINE1 / MEASUREMENT / ACTIVE POWER,ACTIVE POWER,03/04/2023 13:59:51,63,0,MW,90.71
HELIOS SS / 138KV / BAY1 - LINE1 / MEASUREMENT / ACTIVE POWER,ACTIVE POWER,03/04/2023 13:59:55,68,0,MW,90.71
HELIOS SS / 138KV / BAY1 - LINE1 / MEASUREMENT / ACTIVE POWER,ACTIVE POWER,03/04/2023 13:59:59,68,0,MW,90.70
